location,off_time,horse_name,jockey,trainer,trainer_win_pct,trainer_runs,age,distance_f,race_class,field_size,form_string,odds,status,going,distance,cd_winner,rp_or,rp_rpr,rp_ts,implied_prob,log_bsp,rpr_vs_or,has_rpr,has_or
La Teste De Buch,3:25,Nolito,Mr Paul Lotout,Mme S Gavilan,7.0,14.0,6.0,11.0,Class 3,7,502512,5.0,Active,Good To Soft,1m2f205y,0,0.0,0.0,0.0,0.2,1.6094379124341003,0.0,0,0
La Teste De Buch,3:25,Orisson,Tom Morisson,Alexandre Lartigau,0.0,2.0,4.0,11.0,Class 3,7,0-8041,7.5,Active,Good To Soft,1m2f205y,0,0.0,0.0,0.0,0.13333333333333333,2.0149030205422647,0.0,0,0
La Teste De Buch,3:25,Morphewan,Mr Florent Guy,P Cottier,19.0,16.0,6.0,11.0,Class 3,7,265074,10.0,Active,Good To Soft,1m2f205y,0,0.0,0.0,0.0,0.1,2.302585092994046,0.0,0,0
La Teste De Buch,3:25,Retiro,A Ferland,J-C Rouget,0.0,15.0,4.0,11.0,Class 3,7,324-13,12.5,Active,Good To Soft,1m2f205y,0,0.0,0.0,0.0,0.08,2.5257286443082556,0.0,0,0
La Teste De Buch,3:25,Haussez,Mme Lara Le Geay,Mme L Geay,0.0,0.0,7.0,11.0,Class 3,7,3-1690,15.0,Active,Good To Soft,1m2f205y,0,0.0,0.0,0.0,0.06666666666666667,2.70805020110221,0.0,0,0
La Teste De Buch,3:25,Sigtuna,Mr Luis Urbano Aguero,D De Watrigant,0.0,3.0,4.0,11.0,Class 3,7,8-0363,17.5,Active,Good To Soft,1m2f205y,0,0.0,0.0,0.0,0.05714285714285714,2.8622008809294686,0.0,0,0
La Teste De Buch,3:25,Va S'y Mix,Mme Ilona Chabiron,O Trigodet,0.0,7.0,9.0,11.0,Class 3,7,-92796,20.0,Active,Good To Soft,1m2f205y,0,0.0,0.0,0.0,0.05,2.995732273553991,0.0,0,0
La Teste De Buch,4:10,Durgham,Damien Morin,F Rohaut,0.0,5.0,3.0,9.5,,17,5,5.0,Active,Good To Soft,1m1f97y,0,0.0,0.0,0.0,0.2,1.6094379124341003,0.0,0,0
La Teste De Buch,4:10,Nawaz Al Shahania,Fabrice Veron,T Fourcy,60.0,5.0,3.0,9.5,,17,2,7.5,Active,Good To Soft,1m1f97y,0,0.0,0.0,0.0,0.13333333333333333,2.0149030205422647,0.0,0,0
La Teste De Buch,4:10,Af Mezan,Cristian Demuro,X Thomas-Demeaulte,0.0,10.0,3.0,9.5,,17,44,10.0,Active,Good To Soft,1m1f97y,0,0.0,0.0,0.0,0.1,2.302585092994046,0.0,0,0
La Teste De Buch,4:10,Ss Lora,Alexis Pouchin,David Morisson,0.0,4.0,3.0,9.5,,17,12,12.5,Active,Good To Soft,1m1f97y,0,0.0,0.0,0.0,0.08,2.5257286443082556,0.0,0,0
La Teste De Buch,4:10,Nawfal,Ioritz Mendizabal,F Rohaut,0.0,5.0,3.0,9.5,,17,8,15.0,Active,Good To Soft,1m1f97y,0,0.0,0.0,0.0,0.06666666666666667,2.70805020110221,0.0,0,0
La Teste De Buch,4:10,Aa Truffle,Maxime Foulon,Roberto-Carlos Montenegro,6.0,16.0,3.0,9.5,,17,5,17.5,Active,Good To Soft,1m1f97y,0,0.0,0.0,0.0,0.05714285714285714,2.8622008809294686,0.0,0,0
La Teste De Buch,4:10,Wathab,Clement Lecoeuvre,J De Mieulle,0.0,2.0,3.0,9.5,,17,,20.0,Active,Good To Soft,1m1f97y,0,0.0,0.0,0.0,0.05,2.995732273553991,0.0,0,0
La Teste De Buch,4:10,Almohalhil,Anthony Jardel,X Thomas-Demeaulte,0.0,10.0,3.0,9.5,,17,,22.5,Active,Good To Soft,1m1f97y,0,0.0,0.0,0.0,0.044444444444444446,3.1135153092103742,0.0,0,0
La Teste De Buch,4:10,Ushaiqer,Leo-Paul Brechet,X Thomas-Demeaulte,0.0,10.0,3.0,9.5,,17,,25.0,Active,Good To Soft,1m1f97y,0,0.0,0.0,0.0,0.04,3.2188758248682006,0.0,0,0
La Teste De Buch,4:10,Fattah Al Jasra,Nuno Lopes Duarte,Mme J-F Bernard,17.0,6.0,3.0,9.5,,17,,27.5,Active,Good To Soft,1m1f97y,0,0.0,0.0,0.0,0.03636363636363636,3.3141860046725258,0.0,0,0
La Teste De Buch,4:10,Shatoush,Mickael Forest,F Rohaut,0.0,5.0,3.0,9.5,,17,0,30.0,Active,Good To Soft,1m1f97y,0,0.0,0.0,0.0,0.03333333333333333,3.4011973816621555,0.0,0,0
La Teste De Buch,4:10,Noeud Pap Al Maury,Alexandre Gavilan,T Fourcy,60.0,5.0,3.0,9.5,,17,,32.5,Active,Good To Soft,1m1f97y,0,0.0,0.0,0.0,0.03076923076923077,3.481240089335692,0.0,0,0
La Teste De Buch,4:10,Sharah,Maxime Guyon,Mme J-F Bernard,17.0,6.0,3.0,9.5,,17,443,35.0,Active,Good To Soft,1m1f97y,0,0.0,0.0,0.0,0.02857142857142857,3.5553480614894135,0.0,0,0
La Teste De Buch,4:10,Zanobia,Augustin Madamet,J De Mieulle,0.0,2.0,3.0,9.5,,17,,37.5,Active,Good To Soft,1m1f97y,0,0.0,0.0,0.0,0.02666666666666667,3.624340932976365,0.0,0,0
La Teste De Buch,4:10,Janny,S Topin,X Thomas-Demeaulte,0.0,10.0,3.0,9.5,,17,,40.0,Active,Good To Soft,1m1f97y,0,0.0,0.0,0.0,0.025,3.6888794541139363,0.0,0,0
La Teste De Buch,4:10,Neige De Faust,Antoine Werle,Mme J-F Bernard,17.0,6.0,3.0,9.5,,17,,42.5,Active,Good To Soft,1m1f97y,0,0.0,0.0,0.0,0.023529411764705882,3.7495040759303713,0.0,0,0
La Teste De Buch,4:10,Narbonne,Guillaume Guedj-Gay,X Thomas-Demeaulte,0.0,10.0,3.0,9.5,,17,,45.0,Active,Good To Soft,1m1f97y,0,0.0,0.0,0.0,0.022222222222222223,3.8066624897703196,0.0,0,0
La Teste De Buch,4:45,Eklleel,Clement Lecoeuvre,F-H Graffard,31.0,36.0,3.0,9.5,,9,82-216,5.0,Active,Good To Soft,1m1f97y,0,0.0,0.0,0.0,0.2,1.6094379124341003,0.0,0,0
La Teste De Buch,4:45,Palm Springs,Cristian Demuro,Mario Baratti,15.0,13.0,3.0,9.5,,9,3-2214,7.5,Active,Good To Soft,1m1f97y,0,0.0,0.0,0.0,0.13333333333333333,2.0149030205422647,0.0,0,0
La Teste De Buch,4:45,City Queen,Alexis Pouchin,Charlie Appleby,48.0,27.0,3.0,9.5,,9,213133,10.0,Active,Good To Soft,1m1f97y,0,97.0,0.0,0.0,0.1,2.302585092994046,-97.0,0,1
La Teste De Buch,4:45,Exceed The Stars,Augustin Madamet,Edouard Monfort,0.0,17.0,3.0,9.5,,9,3-1352,12.5,Active,Good To Soft,1m1f97y,0,0.0,0.0,0.0,0.08,2.5257286443082556,0.0,0,0
La Teste De Buch,4:45,Life Study,Dorian Provost,H-F Devin,17.0,12.0,3.0,9.5,,9,1,15.0,Active,Good To Soft,1m1f97y,0,0.0,0.0,0.0,0.06666666666666667,2.70805020110221,0.0,0,0
La Teste De Buch,4:45,Sangomar,Ioritz Mendizabal,F Chappet,0.0,8.0,3.0,9.5,,9,-34216,17.5,Active,Good To Soft,1m1f97y,0,0.0,0.0,0.0,0.05714285714285714,2.8622008809294686,0.0,0,0
La Teste De Buch,4:45,Lethal Beauty,Ronan Thomas,C Lerner,9.0,23.0,3.0,9.5,,9,-27233,20.0,Active,Good To Soft,1m1f97y,0,0.0,0.0,0.0,0.05,2.995732273553991,0.0,0,0
La Teste De Buch,4:45,Sheeran,Maxime Guyon,C Ferland,8.0,12.0,3.0,9.5,,9,-15416,22.5,Active,Good To Soft,1m1f97y,0,0.0,0.0,0.0,0.044444444444444446,3.1135153092103742,0.0,0,0
La Teste De Buch,4:45,La Llosa,Vaclav Janacek,G Arizkorreta Elosegui,25.0,4.0,3.0,9.5,,9,41-231,25.0,Active,Good To Soft,1m1f97y,0,0.0,0.0,0.0,0.04,3.2188758248682006,0.0,0,0
La Teste De Buch,5:20,Lucio Vero,J Maurer,R Avial Lopez,0.0,2.0,6.0,15.0,Class 4,8,101246,5.0,Active,Good To Soft,1m6f200y,0,0.0,0.0,0.0,0.2,1.6094379124341003,0.0,0,0
La Teste De Buch,5:20,Villequier,Mme Lara Le Geay,Pierrick Le Geay,0.0,0.0,4.0,15.0,Class 4,8,43-818,7.5,Active,Good To Soft,1m6f200y,0,0.0,0.0,0.0,0.13333333333333333,2.0149030205422647,0.0,0,0
La Teste De Buch,5:20,Watt Ohm,Mme Astrid Peltier,A Baron,0.0,6.0,6.0,15.0,Class 4,8,764231,10.0,Active,Good To Soft,1m6f200y,0,0.0,0.0,0.0,0.1,2.302585092994046,0.0,0,0
La Teste De Buch,5:20,Rue Daguerre,Mme Loeiza Hayeres Fouchard,Erwan Grall,0.0,11.0,5.0,15.0,Class 4,8,1-900F,12.5,Active,Good To Soft,1m6f200y,0,0.0,0.0,0.0,0.08,2.5257286443082556,0.0,0,0
La Teste De Buch,5:20,Tigre Rouge,Mme Helene Sourbe,Roberto-Carlos Montenegro,6.0,16.0,7.0,15.0,Class 4,8,075318,15.0,Active,Good To Soft,1m6f200y,0,0.0,0.0,0.0,0.06666666666666667,2.70805020110221,0.0,0,0
La Teste De Buch,5:20,Iwantobreak Free,C Brechon,Mme C Herisson De Beauvoir,33.0,3.0,6.0,15.0,Class 4,8,76/900,17.5,Active,Good To Soft,1m6f200y,0,0.0,0.0,0.0,0.05714285714285714,2.8622008809294686,0.0,0,0
La Teste De Buch,5:20,Ultrasound,Mme Ilona Chabiron,F Seguin,0.0,1.0,7.0,15.0,Class 4,8,023612,20.0,Active,Good To Soft,1m6f200y,0,0.0,0.0,0.0,0.05,2.995732273553991,0.0,0,0
La Teste De Buch,5:20,And We Danced,Mme Camilla Macchieraldo,Mme Sophie Geffriaud,0.0,4.0,7.0,15.0,Class 4,8,294056,22.5,Active,Good To Soft,1m6f200y,0,0.0,0.0,0.0,0.044444444444444446,3.1135153092103742,0.0,0,0
La Teste De Buch,6:00,Shayeg,Augustin Madamet,J De Mieulle,0.0,2.0,5.0,9.0,,12,175-,5.0,Active,Good To Soft,1m208y,0,0.0,0.0,0.0,0.2,1.6094379124341003,0.0,0,0
La Teste De Buch,6:00,Farooqe Al Shahania,Leo-Paul Brechet,X Thomas-Demeaulte,0.0,10.0,4.0,9.0,,12,8316,7.5,Active,Good To Soft,1m208y,0,0.0,0.0,0.0,0.13333333333333333,2.0149030205422647,0.0,0,0
La Teste De Buch,6:00,So'ud,Alexandre Gavilan,T Fourcy,60.0,5.0,5.0,9.0,,12,40-662,10.0,Active,Good To Soft,1m208y,0,113.0,0.0,0.0,0.1,2.302585092994046,-113.0,0,1
La Teste De Buch,6:00,Wahran,Maxime Guyon,A Botti,8.0,13.0,4.0,9.0,,12,52-921,12.5,Active,Good To Soft,1m208y,0,0.0,0.0,0.0,0.08,2.5257286443082556,0.0,0,0
La Teste De Buch,6:00,Mouvante De L'aigle,Ioritz Mendizabal,Mme J-F Bernard,17.0,6.0,4.0,9.0,,12,2-175,15.0,Active,Good To Soft,1m208y,0,0.0,0.0,0.0,0.06666666666666667,2.70805020110221,0.0,0,0
La Teste De Buch,6:00,Night De Mireval,Alejandro Gutierrez Val,P Sogorb,0.0,7.0,4.0,9.0,,12,78-615,17.5,Active,Good To Soft,1m208y,0,0.0,0.0,0.0,0.05714285714285714,2.8622008809294686,0.0,0,0
La Teste De Buch,6:00,Majeda De Carrere,Cristian Demuro,D De Watrigant,0.0,3.0,4.0,9.0,,12,16-363,20.0,Active,Good To Soft,1m208y,0,0.0,0.0,0.0,0.05,2.995732273553991,0.0,0,0
La Teste De Buch,6:00,Al Moustakim,M Romary,Mme M Bailleul,0.0,0.0,4.0,9.0,,12,7-5462,22.5,Active,Good To Soft,1m208y,0,0.0,0.0,0.0,0.044444444444444446,3.1135153092103742,0.0,0,0
La Teste De Buch,6:00,Agandjir,Maxime Foulon,Roberto-Carlos Montenegro,6.0,16.0,4.0,9.0,,12,2-045,25.0,Active,Good To Soft,1m208y,0,0.0,0.0,0.0,0.04,3.2188758248682006,0.0,0,0
La Teste De Buch,6:00,Mugher,Mickael Forest,F Rohaut,0.0,5.0,4.0,9.0,,12,00-,27.5,Active,Good To Soft,1m208y,0,0.0,0.0,0.0,0.03636363636363636,3.3141860046725258,0.0,0,0
La Teste De Buch,6:00,Athena,Antoine Werle,Mme J-F Bernard,17.0,6.0,4.0,9.0,,12,951,30.0,Active,Good To Soft,1m208y,0,0.0,0.0,0.0,0.03333333333333333,3.4011973816621555,0.0,0,0
La Teste De Buch,6:00,Ainhoa Goldwin,Nuno Lopes Duarte,Mme J-F Bernard,17.0,6.0,4.0,9.0,,12,-51074,32.5,Active,Good To Soft,1m208y,0,0.0,0.0,0.0,0.03076923076923077,3.481240089335692,0.0,0,0
La Teste De Buch,6:30,Angel Charly,Antoine Gourdain,C Gourdain,0.0,6.0,6.0,10.0,Class 4,8,065240,5.0,Active,Good To Soft,1m1f207y,0,0.0,0.0,0.0,0.2,1.6094379124341003,0.0,0,0
La Teste De Buch,6:30,Starecto,Tom Morisson,F Seguin,0.0,1.0,5.0,10.0,Class 4,8,410768,7.5,Active,Good To Soft,1m1f207y,0,0.0,0.0,0.0,0.13333333333333333,2.0149030205422647,0.0,0,0
La Teste De Buch,6:30,Karmaa,Mr Luis Urbano Aguero,Mme C Herisson De Beauvoir,33.0,3.0,4.0,10.0,Class 4,8,5770-,10.0,Active,Good To Soft,1m1f207y,0,0.0,0.0,0.0,0.1,2.302585092994046,0.0,0,0
La Teste De Buch,6:30,Zokoa,Mr Paul Lotout,Frederic Sanchez,0.0,2.0,6.0,10.0,Class 4,8,020003,12.5,Active,Good To Soft,1m1f207y,0,0.0,0.0,0.0,0.08,2.5257286443082556,0.0,0,0
La Teste De Buch,6:30,Gwenn Ha Du,Mr Quentin Sogorb,P Sogorb,0.0,7.0,6.0,10.0,Class 4,8,-89077,15.0,Active,Good To Soft,1m1f207y,0,0.0,0.0,0.0,0.06666666666666667,2.70805020110221,0.0,0,0
La Teste De Buch,6:30,Becho,Mr Florent Guy,Roberto-Carlos Montenegro,6.0,16.0,8.0,10.0,Class 4,8,701605,17.5,Active,Good To Soft,1m1f207y,0,0.0,0.0,0.0,0.05714285714285714,2.8622008809294686,0.0,0,0
La Teste De Buch,6:30,Becquanon,Mr Roman Izard Lopez,O Trigodet,0.0,7.0,10.0,10.0,Class 4,8,5398-0,20.0,Active,Good To Soft,1m1f207y,0,0.0,0.0,0.0,0.05,2.995732273553991,0.0,0,0
La Teste De Buch,6:30,Amoretti,Ludovic Cadot,F Seguin,0.0,1.0,5.0,10.0,Class 4,8,62-055,22.5,Active,Good To Soft,1m1f207y,0,0.0,0.0,0.0,0.044444444444444446,3.1135153092103742,0.0,0,0
La Teste De Buch,7:00,Melodie Du Croate,Alexandre Gavilan,X Thomas-Demeaulte,0.0,10.0,4.0,9.5,,7,31-536,5.0,Active,Good To Soft,1m1f97y,0,0.0,0.0,0.0,0.2,1.6094379124341003,0.0,0,0
La Teste De Buch,7:00,Manarah El Izz,Cristian Demuro,D De Watrigant,0.0,3.0,4.0,9.5,,7,512,7.5,Active,Good To Soft,1m1f97y,0,0.0,0.0,0.0,0.13333333333333333,2.0149030205422647,0.0,0,0
La Teste De Buch,7:00,Altamira,Fabrice Veron,D De Watrigant,0.0,3.0,4.0,9.5,,7,48-763,10.0,Active,Good To Soft,1m1f97y,0,0.0,0.0,0.0,0.1,2.302585092994046,0.0,0,0
La Teste De Buch,7:00,Ts Waseema,Guillaume Guedj-Gay,X Thomas-Demeaulte,0.0,10.0,4.0,9.5,,7,211-33,12.5,Active,Good To Soft,1m1f97y,0,0.0,0.0,0.0,0.08,2.5257286443082556,0.0,0,0
La Teste De Buch,7:00,Marakez Al Shahania,Mickael Forest,F Rohaut,0.0,5.0,4.0,9.5,,7,0-5127,15.0,Active,Good To Soft,1m1f97y,0,0.0,0.0,0.0,0.06666666666666667,2.70805020110221,0.0,0,0
La Teste De Buch,7:00,Rahaf,Ioritz Mendizabal,F Rohaut,0.0,5.0,4.0,9.5,,7,-23512,17.5,Active,Good To Soft,1m1f97y,0,0.0,0.0,0.0,0.05714285714285714,2.8622008809294686,0.0,0,0
La Teste De Buch,7:00,Dabida,Maxime Guyon,A De Mieulle,0.0,1.0,4.0,9.5,,7,-32113,20.0,Active,Good To Soft,1m1f97y,0,0.0,0.0,0.0,0.05,2.995732273553991,0.0,0,0
La Teste De Buch,7:30,Nausicaa Trois,Ioritz Mendizabal,Mlle C Courtade,0.0,7.0,3.0,11.0,,6,116,5.0,Active,Good To Soft,1m2f205y,0,0.0,0.0,0.0,0.2,1.6094379124341003,0.0,0,0
La Teste De Buch,7:30,Monpelo,Clement Merille,A Fouchet,0.0,1.0,3.0,11.0,,6,4,7.5,Active,Good To Soft,1m2f205y,0,0.0,0.0,0.0,0.13333333333333333,2.0149030205422647,0.0,0,0
La Teste De Buch,7:30,Neo De La Brunie,Tom Morisson,B Gourdon,0.0,2.0,3.0,11.0,,6,12,10.0,Active,Good To Soft,1m2f205y,0,0.0,0.0,0.0,0.1,2.302585092994046,0.0,0,0
La Teste De Buch,7:30,Aspic,Guillaume Guedj-Gay,B Montzey De,25.0,4.0,3.0,11.0,,6,87231,12.5,Active,Good To Soft,1m2f205y,0,0.0,0.0,0.0,0.08,2.5257286443082556,0.0,0,0
La Teste De Buch,7:30,Chamawave,Alexandre Gavilan,Guillemin (s),25.0,8.0,3.0,11.0,,6,3152,15.0,Active,Good To Soft,1m2f205y,0,0.0,0.0,0.0,0.06666666666666667,2.70805020110221,0.0,0,0
La Teste De Buch,7:30,Charmant Da Clodia,Samy Le Quilleuc,Alexandre Lartigau,0.0,2.0,3.0,11.0,,6,6133,17.5,Active,Good To Soft,1m2f205y,0,0.0,0.0,0.0,0.05714285714285714,2.8622008809294686,0.0,0,0
Vichy,10:52,Tepito,K Gaudeffroy,Natalie Bentley,0.0,2.0,4.0,7.0,,9,634700,5.0,Active,Soft,6f211y,0,0.0,0.0,0.0,0.2,1.6094379124341003,0.0,0,0
Vichy,10:52,Glory Highness,Non Runner,Louisa Carberry,0.0,1.0,4.0,7.0,,9,3,7.5,Active,Soft,6f211y,0,0.0,0.0,0.0,0.13333333333333333,2.0149030205422647,0.0,0,0
Vichy,10:52,Art Piece,Marvin Grandin,S Cerulis,0.0,10.0,4.0,7.0,,9,433685,10.0,Active,Soft,6f211y,0,0.0,0.0,0.0,0.1,2.302585092994046,0.0,0,0
Vichy,10:52,Woochapatone,Antoine Subias,Gregoire Juillet,0.0,5.0,4.0,7.0,,9,87,12.5,Active,Soft,6f211y,0,0.0,0.0,0.0,0.08,2.5257286443082556,0.0,0,0
Vichy,10:52,Maminoa,D Santiago,L Boutault,0.0,1.0,4.0,7.0,,9,603200,15.0,Active,Soft,6f211y,0,0.0,0.0,0.0,0.06666666666666667,2.70805020110221,0.0,0,0
Vichy,10:52,Iridia,Mme Frida Valle Skar,F Carnevali,0.0,4.0,5.0,7.0,,9,824040,17.5,Active,Soft,6f211y,0,0.0,0.0,0.0,0.05714285714285714,2.8622008809294686,0.0,0,0
Vichy,10:52,City Babe,Theo Bachelot,S Wattel,6.0,17.0,4.0,7.0,,9,-89732,20.0,Active,Soft,6f211y,0,0.0,0.0,0.0,0.05,2.995732273553991,0.0,0,0
Vichy,10:52,Hey Rise Up,Maximilien Justum,Maximilien Justum,0.0,6.0,4.0,7.0,,9,4,22.5,Active,Soft,6f211y,0,0.0,0.0,0.0,0.044444444444444446,3.1135153092103742,0.0,0,0
Vichy,10:52,Asterale,Mme Ambre Molins,M Krebs,25.0,4.0,5.0,7.0,,9,09075-,25.0,Active,Soft,6f211y,0,0.0,0.0,0.0,0.04,3.2188758248682006,0.0,0,0
Vichy,10:52,Meri Sharma,Nicolas Astier,M Planard,0.0,2.0,4.0,7.0,,9,000709,27.5,Active,Soft,6f211y,0,0.0,0.0,0.0,0.03636363636363636,3.3141860046725258,0.0,0,0
Vichy,11:24,Run Around,Nicolas Astier,F Foresi,5.0,21.0,3.0,7.0,,7,7,5.0,Active,Soft,6f211y,0,0.0,0.0,0.0,0.2,1.6094379124341003,0.0,0,0
Vichy,11:24,Vienna's Pride,Eddy Hardouin,Carina Fey,0.0,1.0,3.0,7.0,,7,8,7.5,Active,Soft,6f211y,0,0.0,0.0,0.0,0.13333333333333333,2.0149030205422647,0.0,0,0
Vichy,11:24,Kanewko,Marvin Grandin,C Escuder,3.0,32.0,3.0,7.0,,7,4-0,10.0,Active,Soft,6f211y,0,0.0,0.0,0.0,0.1,2.302585092994046,0.0,0,0
Vichy,11:24,Tarateel,Non Runner,P De Chevigny,33.0,3.0,3.0,7.0,,7,423-00,12.5,Active,Soft,6f211y,0,0.0,0.0,0.0,0.08,2.5257286443082556,0.0,0,0
Vichy,11:24,Ocala,Tony Piccone,P Cottier,19.0,16.0,3.0,7.0,,7,23-673,15.0,Active,Soft,6f211y,0,0.0,0.0,0.0,0.06666666666666667,2.70805020110221,0.0,0,0
Vichy,11:24,Lhotse,Jerome Moutard,G Mosse,7.0,15.0,3.0,7.0,,7,3,17.5,Active,Soft,6f211y,0,0.0,0.0,0.0,0.05714285714285714,2.8622008809294686,0.0,0,0
Vichy,11:24,See You Trezy,K Gaudeffroy,Natalie Bentley,0.0,2.0,3.0,7.0,,7,9070,20.0,Active,Soft,6f211y,0,0.0,0.0,0.0,0.05,2.995732273553991,0.0,0,0
Vichy,11:24,Philly Bassett,Hugo Besnier,P Cottier,19.0,16.0,3.0,7.0,,7,44-552,22.5,Active,Soft,6f211y,0,0.0,0.0,0.0,0.044444444444444446,3.1135153092103742,0.0,0,0
Vichy,11:56,Sentosa,Aurelien Lemaitre,G Mosse,7.0,15.0,3.0,8.0,,9,8-258,5.0,Active,Soft,7f209y,0,0.0,0.0,0.0,0.2,1.6094379124341003,0.0,0,0
Vichy,11:56,Allegresse,Arthur Vilchien,S Wattel,6.0,17.0,3.0,8.0,,9,7913,7.5,Active,Soft,7f209y,0,0.0,0.0,0.0,0.13333333333333333,2.0149030205422647,0.0,0,0
Vichy,11:56,Ocra,Hugo Besnier,P Cottier,19.0,16.0,3.0,8.0,,9,024960,10.0,Active,Soft,7f209y,0,0.0,0.0,0.0,0.1,2.302585092994046,0.0,0,0
Vichy,11:56,Dar Es Salaam,V Dupont,Mathieu Pitart,0.0,13.0,3.0,8.0,,9,349347,12.5,Active,Soft,7f209y,0,0.0,0.0,0.0,0.08,2.5257286443082556,0.0,0,0
Vichy,11:56,Killwining,Theo Bachelot,S Labate,17.0,6.0,3.0,8.0,,9,58567,15.0,Active,Soft,7f209y,0,0.0,0.0,0.0,0.06666666666666667,2.70805020110221,0.0,0,0
Vichy,11:56,Charming Cecilia,Mme Ambre Molins,M Krebs,25.0,4.0,3.0,8.0,,9,656472,17.5,Active,Soft,7f209y,0,0.0,0.0,0.0,0.05714285714285714,2.8622008809294686,0.0,0,0
Vichy,11:56,Counselor,Marvin Grandin,C Escuder,3.0,32.0,3.0,8.0,,9,876527,20.0,Active,Soft,7f209y,0,0.0,0.0,0.0,0.05,2.995732273553991,0.0,0,0
Vichy,11:56,Lamiya,Antonio Orani,J Reynier,15.0,13.0,3.0,8.0,,9,3093,22.5,Active,Soft,7f209y,0,0.0,0.0,0.0,0.044444444444444446,3.1135153092103742,0.0,0,0
Vichy,11:56,Balta,Anthony Crastus,R Chotard,20.0,5.0,3.0,8.0,,9,882324,25.0,Active,Soft,7f209y,0,0.0,0.0,0.0,0.04,3.2188758248682006,0.0,0,0
Vichy,12:28,Fire Bullet,Aurelien Lemaitre,Mario Baratti,15.0,13.0,2.0,8.0,,12,55,5.0,Active,Soft,7f209y,0,0.0,0.0,0.0,0.2,1.6094379124341003,0.0,0,0
Vichy,12:28,Woodstars,Hugo Lebouc,N Bellanger,33.0,3.0,2.0,8.0,,12,98,7.5,Active,Soft,7f209y,0,0.0,0.0,0.0,0.13333333333333333,2.0149030205422647,0.0,0,0
Vichy,12:28,Lakme,Thomas Trullier,C Escuder,3.0,32.0,2.0,8.0,,12,0,10.0,Active,Soft,7f209y,0,0.0,0.0,0.0,0.1,2.302585092994046,0.0,0,0
Vichy,12:28,Ozark James,Jerome Moutard,F Guyader,0.0,3.0,2.0,8.0,,12,4,12.5,Active,Soft,7f209y,0,0.0,0.0,0.0,0.08,2.5257286443082556,0.0,0,0
Vichy,12:28,Takavor,Marvin Grandin,C Escuder,3.0,32.0,2.0,8.0,,12,43,15.0,Active,Soft,7f209y,0,0.0,0.0,0.0,0.06666666666666667,2.70805020110221,0.0,0,0
Vichy,12:28,Le Minot,Theo Bachelot,E Lacaille,0.0,7.0,2.0,8.0,,12,86,17.5,Active,Soft,7f209y,0,0.0,0.0,0.0,0.05714285714285714,2.8622008809294686,0.0,0,0
Vichy,12:28,Riverheight,Eddy Hardouin,Mathieu Pitart,0.0,13.0,2.0,8.0,,12,,20.0,Active,Soft,7f209y,0,0.0,0.0,0.0,0.05,2.995732273553991,0.0,0,0
Vichy,12:28,Basilico,Hugo Besnier,P Cottier,19.0,16.0,2.0,8.0,,12,,22.5,Active,Soft,7f209y,0,0.0,0.0,0.0,0.044444444444444446,3.1135153092103742,0.0,0,0
Vichy,12:28,Camden,Antonio Orani,J Reynier,15.0,13.0,2.0,8.0,,12,,25.0,Active,Soft,7f209y,0,0.0,0.0,0.0,0.04,3.2188758248682006,0.0,0,0
Vichy,12:28,Nautilus Park,Anthony Crastus,Mathieu Pitart,0.0,13.0,2.0,8.0,,12,,27.5,Active,Soft,7f209y,0,0.0,0.0,0.0,0.03636363636363636,3.3141860046725258,0.0,0,0
Vichy,12:28,Riki San,Tony Piccone,P De Chevigny,33.0,3.0,2.0,8.0,,12,,30.0,Active,Soft,7f209y,0,0.0,0.0,0.0,0.03333333333333333,3.4011973816621555,0.0,0,0
Vichy,12:28,Westminster Fire,Martin Protti,H-A Pantall,13.0,30.0,2.0,8.0,,12,,32.5,Active,Soft,7f209y,0,0.0,0.0,0.0,0.03076923076923077,3.481240089335692,0.0,0,0
Vichy,1:03,Jemaa El Fna,Marvin Grandin,C Escuder,3.0,32.0,2.0,8.0,,13,9,5.0,Active,Soft,7f209y,0,0.0,0.0,0.0,0.2,1.6094379124341003,0.0,0,0
Vichy,1:03,Asima,Martin Protti,H-A Pantall,13.0,30.0,2.0,8.0,,13,P7,7.5,Active,Soft,7f209y,0,0.0,0.0,0.0,0.13333333333333333,2.0149030205422647,0.0,0,0
Vichy,1:03,Kriss De Valnor,Anthony Crastus,R Chotard,20.0,5.0,2.0,8.0,,13,7,10.0,Active,Soft,7f209y,0,0.0,0.0,0.0,0.1,2.302585092994046,0.0,0,0
Vichy,1:03,Eglantine,Thomas Trullier,C Escuder,3.0,32.0,2.0,8.0,,13,80,12.5,Active,Soft,7f209y,0,0.0,0.0,0.0,0.08,2.5257286443082556,0.0,0,0
Vichy,1:03,All Lucky,Hugo Boutin,Dalibor Torok,0.0,2.0,2.0,8.0,,13,9,15.0,Active,Soft,7f209y,0,0.0,0.0,0.0,0.06666666666666667,2.70805020110221,0.0,0,0
Vichy,1:03,Feel Well,Theo Bachelot,P Cottier,19.0,16.0,2.0,8.0,,13,5642,17.5,Active,Soft,7f209y,0,0.0,0.0,0.0,0.05714285714285714,2.8622008809294686,0.0,0,0
Vichy,1:03,Rockline,Tony Piccone,C Escuder,3.0,32.0,2.0,8.0,,13,64,20.0,Active,Soft,7f209y,0,0.0,0.0,0.0,0.05,2.995732273553991,0.0,0,0
Vichy,1:03,Do You Sea,Antonio Orani,N Perret,10.0,10.0,2.0,8.0,,13,5,22.5,Active,Soft,7f209y,0,0.0,0.0,0.0,0.044444444444444446,3.1135153092103742,0.0,0,0
Vichy,1:03,Sainte Romy,Marie Velon,Mme Manon Scandella-Lacaille,6.0,16.0,2.0,8.0,,13,54,25.0,Active,Soft,7f209y,0,0.0,0.0,0.0,0.04,3.2188758248682006,0.0,0,0
Vichy,1:03,Dancing Eagle Cen,Aurelien Lemaitre,Patrik Olave Valdivielso,0.0,3.0,2.0,8.0,,13,6,27.5,Active,Soft,7f209y,0,0.0,0.0,0.0,0.03636363636363636,3.3141860046725258,0.0,0,0
Vichy,1:03,Orea De Romay,Nicolas Astier,F Foresi,5.0,21.0,2.0,8.0,,13,,30.0,Active,Soft,7f209y,0,0.0,0.0,0.0,0.03333333333333333,3.4011973816621555,0.0,0,0
Vichy,1:03,Baila Nak,Non Runner,P Cottier,19.0,16.0,2.0,8.0,,13,,32.5,Active,Soft,7f209y,0,0.0,0.0,0.0,0.03076923076923077,3.481240089335692,0.0,0,0
Vichy,1:03,Extrawell,Malone Favriaux,J Reynier,15.0,13.0,2.0,8.0,,13,,35.0,Active,Soft,7f209y,0,0.0,0.0,0.0,0.02857142857142857,3.5553480614894135,0.0,0,0
Vichy,1:03,Nakaia,Stephane Pasquier,H-A Pantall,13.0,30.0,2.0,8.0,,13,,37.5,Active,Soft,7f209y,0,0.0,0.0,0.0,0.02666666666666667,3.624340932976365,0.0,0,0
Vichy,1:40,Hurricango,Marie Velon,E Libaud,0.0,9.0,4.0,10.0,,9,82-258,5.0,Active,Soft,1m1f207y,0,0.0,0.0,0.0,0.2,1.6094379124341003,0.0,0,0
Vichy,1:40,Willower,Antoine Subias,E Libaud,0.0,9.0,5.0,10.0,,9,275842,7.5,Active,Soft,1m1f207y,0,0.0,0.0,0.0,0.13333333333333333,2.0149030205422647,0.0,0,0
Vichy,1:40,Atavamada,Tony Piccone,E Lacaille,0.0,7.0,5.0,10.0,,9,777759,10.0,Active,Soft,1m1f207y,0,0.0,0.0,0.0,0.1,2.302585092994046,0.0,0,0
Vichy,1:40,Melodic,Antonio Orani,J Reynier,15.0,13.0,4.0,10.0,,9,3-25,12.5,Active,Soft,1m1f207y,0,0.0,0.0,0.0,0.08,2.5257286443082556,0.0,0,0
Vichy,1:40,Sin City,Stephane Pasquier,S Cerulis,0.0,10.0,4.0,10.0,,9,0-6,15.0,Active,Soft,1m1f207y,0,0.0,0.0,0.0,0.06666666666666667,2.70805020110221,0.0,0,0
Vichy,1:40,Pearl Spirit,Marvin Grandin,R Fradet,0.0,3.0,4.0,10.0,,9,322523,17.5,Active,Soft,1m1f207y,0,0.0,0.0,0.0,0.05714285714285714,2.8622008809294686,0.0,0,0
Vichy,1:40,Mieux Que Papa,Anthony Girel,D Chenu,17.0,6.0,4.0,10.0,,9,270-66,20.0,Active,Soft,1m1f207y,0,0.0,0.0,0.0,0.05,2.995732273553991,0.0,0,0
Vichy,1:40,Hakamaori,Hugo Boutin,D Chenu,17.0,6.0,4.0,10.0,,9,544542,22.5,Active,Soft,1m1f207y,0,0.0,0.0,0.0,0.044444444444444446,3.1135153092103742,0.0,0,0
Vichy,1:40,Milena,Martin Protti,H-A Pantall,13.0,30.0,4.0,10.0,,9,D2-594,25.0,Active,Soft,1m1f207y,0,0.0,0.0,0.0,0.04,3.2188758248682006,0.0,0,0
Vichy,2:15,Nutall,K Gaudeffroy,Natalie Bentley,0.0,2.0,3.0,10.0,,10,558,5.0,Active,Soft,1m1f207y,0,0.0,0.0,0.0,0.2,1.6094379124341003,0.0,0,0
Vichy,2:15,Sfusato,Jerome Moutard,Francois Monfort,7.0,15.0,3.0,10.0,,10,0,7.5,Active,Soft,1m1f207y,0,0.0,0.0,0.0,0.13333333333333333,2.0149030205422647,0.0,0,0
Vichy,2:15,Hold My Dreams,Anthony Crastus,R Chotard,20.0,5.0,3.0,10.0,,10,0,10.0,Active,Soft,1m1f207y,0,0.0,0.0,0.0,0.1,2.302585092994046,0.0,0,0
Vichy,2:15,Pretty George,Gabriele Congiu,Mme E Cury,40.0,5.0,3.0,10.0,,10,00,12.5,Active,Soft,1m1f207y,0,0.0,0.0,0.0,0.08,2.5257286443082556,0.0,0,0
Vichy,2:15,Sorelino,Thomas Trullier,Frau Y Vollmer,0.0,1.0,3.0,10.0,,10,33,15.0,Active,Soft,1m1f207y,0,0.0,0.0,0.0,0.06666666666666667,2.70805020110221,0.0,0,0
Vichy,2:15,Celago,Marvin Grandin,C Escuder,3.0,32.0,3.0,10.0,,10,442,17.5,Active,Soft,1m1f207y,0,0.0,0.0,0.0,0.05714285714285714,2.8622008809294686,0.0,0,0
Vichy,2:15,Hatedia Fal,Aurelien Lemaitre,Frau Y Vollmer,0.0,1.0,3.0,10.0,,10,75,20.0,Active,Soft,1m1f207y,0,0.0,0.0,0.0,0.05,2.995732273553991,0.0,0,0
Vichy,2:15,Pulp Fiction,Anthony Girel,Mme R Philippon,0.0,2.0,3.0,10.0,,10,9D4364,22.5,Active,Soft,1m1f207y,0,0.0,0.0,0.0,0.044444444444444446,3.1135153092103742,0.0,0,0
Vichy,2:15,Estima,Stephane Pasquier,C Ferland,8.0,12.0,3.0,10.0,,10,64,25.0,Active,Soft,1m1f207y,0,0.0,0.0,0.0,0.04,3.2188758248682006,0.0,0,0
Vichy,2:15,Charmye,Hugo Lebouc,N Bellanger,33.0,3.0,3.0,10.0,,10,5,27.5,Active,Soft,1m1f207y,0,0.0,0.0,0.0,0.03636363636363636,3.3141860046725258,0.0,0,0
Vichy,2:50,Renad,Marie Velon,Francois Monfort,7.0,15.0,3.0,12.0,,9,9-1693,5.0,Active,Soft,1m3f204y,0,0.0,0.0,0.0,0.2,1.6094379124341003,0.0,0,0
Vichy,2:50,Black Wall Shadow,V Dupont,Mathieu Pitart,0.0,13.0,3.0,12.0,,9,66307,7.5,Active,Soft,1m3f204y,0,0.0,0.0,0.0,0.13333333333333333,2.0149030205422647,0.0,0,0
Vichy,2:50,Kristal,Hugo Besnier,R Fradet,0.0,3.0,3.0,12.0,,9,787609,10.0,Active,Soft,1m3f204y,0,0.0,0.0,0.0,0.1,2.302585092994046,0.0,0,0
Vichy,2:50,Mistralou,Hugo Boutin,Louis Bernhardt,0.0,6.0,3.0,12.0,,9,073216,12.5,Active,Soft,1m3f204y,0,0.0,0.0,0.0,0.08,2.5257286443082556,0.0,0,0
Vichy,2:50,Ameliore,Stephane Pasquier,C Ferland,8.0,12.0,3.0,12.0,,9,09914,15.0,Active,Soft,1m3f204y,0,0.0,0.0,0.0,0.06666666666666667,2.70805020110221,0.0,0,0
Vichy,2:50,Adiccion,Anthony Crastus,R Chotard,20.0,5.0,3.0,12.0,,9,563389,17.5,Active,Soft,1m3f204y,0,0.0,0.0,0.0,0.05714285714285714,2.8622008809294686,0.0,0,0
Vichy,2:50,Bi Boisy,Thomas Trullier,Mme E Cury,40.0,5.0,3.0,12.0,,9,6077,20.0,Active,Soft,1m3f204y,0,0.0,0.0,0.0,0.05,2.995732273553991,0.0,0,0
Vichy,2:50,Over The Sky,Antonio Orani,J Reynier,15.0,13.0,3.0,12.0,,9,844,22.5,Active,Soft,1m3f204y,0,0.0,0.0,0.0,0.044444444444444446,3.1135153092103742,0.0,0,0
Vichy,2:50,Linden Blossom,Eddy Hardouin,D Chenu,17.0,6.0,3.0,12.0,,9,706425,25.0,Active,Soft,1m3f204y,0,0.0,0.0,0.0,0.04,3.2188758248682006,0.0,0,0
Carlisle,2:05,Angelic Melody,Ryan Sexton,Julie Camacho,5.0,20.0,2.0,6.0,Class 4,7,,22.0,Active,Good To Soft,5f182y,0,0.0,0.0,0.0,0.045454545454545456,3.091042453358316,0.0,0,0
Carlisle,2:05,Diamond New Bay,Sam James,K. R. Burke,21.0,28.0,2.0,6.0,Class 4,7,4,3.1,Active,Good To Soft,5f182y,0,0.0,0.0,0.0,0.3225806451612903,1.1314021114911006,0.0,0,0
Carlisle,2:05,Guadalevin,Paddy Bradley,Charlie Fellowes,25.0,12.0,2.0,6.0,Class 4,7,3246,2.16,Active,Good To Soft,5f182y,0,84.0,0.0,0.0,0.4629629629629629,0.7701082216960737,-84.0,0,1
Carlisle,2:05,Ma Blushin Rosie,Barry McHugh,Adrian Keatley,33.0,6.0,2.0,6.0,Class 4,7,,13.0,Active,Good To Soft,5f182y,0,0.0,0.0,0.0,0.07692307692307693,2.5649493574615367,0.0,0,0
Carlisle,2:05,Oh So Slow Sloth,David Allan,Rebecca Menzies,0.0,6.0,2.0,6.0,Class 4,7,65,21.0,Active,Good To Soft,5f182y,0,0.0,0.0,0.0,0.047619047619047616,3.044522437723423,0.0,0,0
Carlisle,2:05,Sara's Silver Girl,Billy Garritty,Michael & David Easterby,9.0,35.0,2.0,6.0,Class 4,7,54,17.5,Active,Good To Soft,5f182y,0,0.0,0.0,0.0,0.05714285714285714,2.8622008809294686,0.0,0,0
Carlisle,2:05,Sayidah Bahra,Tom Eaves,Kevin Ryan,5.0,21.0,2.0,6.0,Class 4,7,,11.5,Active,Good To Soft,5f182y,0,0.0,0.0,0.0,0.08695652173913043,2.4423470353692043,0.0,0,0
Carlisle,2:38,Peace Belle,Andrew Mullen,Jennie Candlish,38.0,8.0,5.0,11.0,Class 3,3,44,1.33,Active,Good To Soft,1m3f39y,0,0.0,0.0,0.0,0.7518796992481203,0.28517894223366247,0.0,0,0
Carlisle,2:38,Aleatrix,Paul Mulrennan,Ralph Beckett,24.0,33.0,3.0,11.0,Class 3,3,12,7.5,Active,Good To Soft,1m3f39y,0,87.0,0.0,0.0,0.13333333333333333,2.0149030205422647,-87.0,0,1
Carlisle,2:38,Green Area,Connor Beasley,Charlie Johnston,15.0,34.0,3.0,11.0,Class 3,3,33,4.1,Active,Good To Soft,1m3f39y,0,0.0,0.0,0.0,0.24390243902439027,1.410986973710262,0.0,0,0
Carlisle,2:38,Lazy In Red,Oisin McSweeney,Donald Whillans,100.0,1.0,3.0,11.0,Class 3,3,,29.0,Active,Good To Soft,1m3f39y,0,0.0,0.0,0.0,0.034482758620689655,3.367295829986474,0.0,0,0
Carlisle,3:13,Why Because,David Nolan,Paul Midgley,0.0,16.0,4.0,7.0,Class 6,10,5-6475,7.2,Active,Good To Soft,6f195y,0,60.0,0.0,0.0,0.1388888888888889,1.9740810260220096,-60.0,0,1
Carlisle,3:13,Renewable Dream,Gianluca Sanna(5),John Wainwright,33.0,3.0,4.0,7.0,Class 6,10,390-98,12.5,Active,Good To Soft,6f195y,0,59.0,0.0,0.0,0.08,2.5257286443082556,-59.0,0,1
Carlisle,3:13,Reenie's Dream,Paul Mulrennan,Bryan Smart,0.0,4.0,4.0,7.0,Class 6,10,0-9948,10.0,Active,Good To Soft,6f195y,0,55.0,0.0,0.0,0.1,2.302585092994046,-55.0,0,1
Carlisle,3:13,Fate's Gambit,James Sullivan,Ruth Carr,13.0,30.0,3.0,7.0,Class 6,10,355093,12.5,Active,Good To Soft,6f195y,0,60.0,0.0,0.0,0.08,2.5257286443082556,-60.0,0,1
Carlisle,3:13,Zous Juice,Billy Garritty,Michael & David Easterby,9.0,35.0,5.0,7.0,Class 6,10,/94-90,5.4,Active,Good To Soft,6f195y,0,54.0,0.0,0.0,0.18518518518518517,1.6863989535702288,-54.0,0,1
Carlisle,3:13,Blairtum Night,David Allan,Linda Perratt,15.0,13.0,4.0,7.0,Class 6,10,8-64,15.5,Active,Good To Soft,6f195y,0,53.0,0.0,0.0,0.06451612903225806,2.740840023925201,-53.0,0,1
Carlisle,3:13,April Diamond,Andrew Mullen,Iain Jardine,10.0,29.0,5.0,7.0,Class 6,10,765206,9.0,Active,Good To Soft,6f195y,0,52.0,0.0,0.0,0.1111111111111111,2.1972245773362196,-52.0,0,1
Carlisle,3:13,Rajawail,Faye McManoman,Brian Rothwell,0.0,4.0,6.0,7.0,Class 6,10,750607,50.0,Active,Good To Soft,6f195y,0,45.0,0.0,0.0,0.02,3.912023005428146,-45.0,0,1
Carlisle,3:13,Long Shot,Oisin McSweeney,Tim Easterby,6.0,81.0,3.0,7.0,Class 6,10,242404,6.6,Active,Good To Soft,6f195y,0,48.0,0.0,0.0,0.15151515151515152,1.8870696490323797,-48.0,0,1
Carlisle,3:13,Runninman,Aiden Brookes,Donald Whillans,100.0,1.0,3.0,7.0,Class 6,10,368740,22.0,Active,Good To Soft,6f195y,0,45.0,0.0,0.0,0.045454545454545456,3.091042453358316,-45.0,0,1
Carlisle,3:48,Stoneywell,Tom Eaves,Steph Hollinshead,0.0,11.0,4.0,7.0,Class 6,9,-97780,18.0,Active,Good To Soft,6f195y,0,60.0,0.0,0.0,0.05555555555555555,2.8903717578961645,-60.0,0,1
Carlisle,3:48,Big Apple Jack,Billy Garritty,Michael & David Easterby,9.0,35.0,4.0,7.0,Class 6,9,284254,3.8,Active,Good To Soft,6f195y,0,57.0,0.0,0.0,0.2631578947368421,1.33500106673234,-57.0,0,1
Carlisle,3:48,Uniter,Sam James,Denis Coakley,0.0,3.0,3.0,7.0,Class 6,9,-867P8,9.6,Active,Good To Soft,6f195y,0,60.0,0.0,0.0,0.10416666666666667,2.2617630984737906,-60.0,0,1
Carlisle,3:48,Danrana,Harry Russell,Fionn McSharry,0.0,1.0,3.0,7.0,Class 6,9,48-05,7.0,Active,Good To Soft,6f195y,0,59.0,0.0,0.0,0.14285714285714285,1.9459101490553132,-59.0,0,1
Carlisle,3:48,Hey Havana,Connor Beasley,Geoffrey Harker,0.0,2.0,3.0,7.0,Class 6,9,-25252,3.35,Active,Good To Soft,6f195y,0,58.0,0.0,0.0,0.29850746268656714,1.208960345836975,-58.0,0,1
Carlisle,3:48,Tago Mago,Shane Gray,Sam England,14.0,7.0,3.0,7.0,Class 6,9,3-876,18.5,Active,Good To Soft,6f195y,0,58.0,0.0,0.0,0.05405405405405406,2.917770732084279,-58.0,0,1
Carlisle,3:48,Supreme Dancer,Ethan Tindall(5),Richard & Peter Fahey,21.0,34.0,3.0,7.0,Class 6,9,57-282,4.6,Active,Good To Soft,6f195y,0,57.0,0.0,0.0,0.2173913043478261,1.5260563034950492,-57.0,0,1
Carlisle,3:48,Our Nicola,William Pyle,David & Nicola Barron,13.0,8.0,4.0,7.0,Class 6,9,380-05,18.5,Active,Good To Soft,6f195y,0,45.0,0.0,0.0,0.05405405405405406,2.917770732084279,-45.0,0,1
Carlisle,3:48,Agric Ranger,Oisin McSweeney,Tim Easterby,6.0,81.0,3.0,7.0,Class 6,9,547570,16.0,Active,Good To Soft,6f195y,0,48.0,0.0,0.0,0.0625,2.772588722239781,-48.0,0,1
Carlisle,4:20,Hunky Dory,Paddy Bradley,Linda Perratt,15.0,13.0,4.0,7.0,Class 4,12,551863,17.5,Active,Good To Soft,6f195y,0,80.0,0.0,0.0,0.05714285714285714,2.8622008809294686,-80.0,0,1
Carlisle,4:20,Misunderstood,Paul Mulrennan,David O'Meara,16.0,49.0,4.0,7.0,Class 4,12,576774,7.2,Active,Good To Soft,6f195y,0,79.0,0.0,0.0,0.1388888888888889,1.9740810260220096,-79.0,0,1
Carlisle,4:20,King Of Fury,Connor Beasley,Michael Dods,9.0,23.0,6.0,7.0,Class 4,12,654711,9.6,Active,Good To Soft,6f195y,0,79.0,0.0,0.0,0.10416666666666667,2.2617630984737906,-79.0,0,1
Carlisle,4:20,Count Palatine,Sean Kirrane,Michael Dods,9.0,23.0,5.0,7.0,Class 4,12,-00306,13.0,Active,Good To Soft,6f195y,0,78.0,0.0,0.0,0.07692307692307693,2.5649493574615367,-78.0,0,1
Carlisle,4:20,Commander Of Life,Ryan Kavanagh(3),Jessica Macey,0.0,5.0,5.0,7.0,Class 4,12,355421,9.0,Active,Good To Soft,6f195y,0,78.0,0.0,0.0,0.1111111111111111,2.1972245773362196,-78.0,0,1
Carlisle,4:20,Lord Bertie,Mark Winn,David O'Meara,16.0,49.0,6.0,7.0,Class 4,12,-60069,9.2,Active,Good To Soft,6f195y,0,78.0,0.0,0.0,0.10869565217391305,2.2192034840549946,-78.0,0,1
Carlisle,4:20,Son,David Allan,Tim Easterby,6.0,81.0,5.0,7.0,Class 4,12,973406,6.2,Active,Good To Soft,6f195y,0,77.0,0.0,0.0,0.16129032258064516,1.824549292051046,-77.0,0,1
Carlisle,4:20,Native Instinct,Sam James,Edward Bethell,38.0,24.0,4.0,7.0,Class 4,12,56-261,7.6,Active,Good To Soft,6f195y,0,76.0,0.0,0.0,0.13157894736842105,2.028148247292285,-76.0,0,1
Carlisle,4:20,Lord Capulet,Tom Eaves,Kevin Ryan,5.0,21.0,4.0,7.0,Class 4,12,011236,18.5,Active,Good To Soft,6f195y,0,76.0,0.0,0.0,0.05405405405405406,2.917770732084279,-76.0,0,1
Carlisle,4:20,Havana Prince,David Nolan,Tony Coyle & Kaine Wood,13.0,8.0,5.0,7.0,Class 4,12,6-3100,21.0,Active,Good To Soft,6f195y,0,75.0,0.0,0.0,0.047619047619047616,3.044522437723423,-75.0,0,1
Carlisle,4:20,Golden Strike,Ethan Tindall(5),Richard & Peter Fahey,21.0,34.0,5.0,7.0,Class 4,12,220175,6.2,Active,Good To Soft,6f195y,0,74.0,0.0,0.0,0.16129032258064516,1.824549292051046,-74.0,0,1
Carlisle,4:20,Vince Lombardi,Shay Farmer(5),Seb Spencer,0.0,8.0,7.0,7.0,Class 4,12,225-10,22.0,Active,Good To Soft,6f195y,0,72.0,0.0,0.0,0.045454545454545456,3.091042453358316,-72.0,0,1
Carlisle,4:55,Maximum Velocity,Alex Jary(3),Nigel Tinkler,11.0,18.0,3.0,6.0,Class 6,8,019325,5.1,Active,Good To Soft,5f182y,0,65.0,0.0,0.0,0.19607843137254904,1.62924053973028,-65.0,0,1
Carlisle,4:55,Yellow Diamonds,Ryan Sexton,Julie Camacho,5.0,20.0,3.0,6.0,Class 6,8,044452,2.52,Active,Good To Soft,5f182y,0,64.0,0.0,0.0,0.3968253968253968,0.9242589015233319,-64.0,0,1
Carlisle,4:55,Kilmac Air,Dougie Costello,John & Sean Quinn,9.0,11.0,3.0,6.0,Class 6,8,0436,6.2,Active,Good To Soft,5f182y,0,58.0,0.0,0.0,0.16129032258064516,1.824549292051046,-58.0,0,1
Carlisle,4:55,Oasis Cover,Aiden Brookes,Micky Hammond,33.0,3.0,3.0,6.0,Class 6,8,302875,18.5,Active,Good To Soft,5f182y,0,58.0,0.0,0.0,0.05405405405405406,2.917770732084279,-58.0,0,1
Carlisle,4:55,Hares Bredth,David Allan,Tim Easterby,6.0,81.0,3.0,6.0,Class 6,8,437176,6.4,Active,Good To Soft,5f182y,0,56.0,0.0,0.0,0.15625,1.8562979903656263,-56.0,0,1
Carlisle,4:55,Heathers Feather,Barry McHugh,Tracy Waggott,0.0,1.0,3.0,6.0,Class 6,8,6468,9.6,Active,Good To Soft,5f182y,0,55.0,0.0,0.0,0.10416666666666667,2.2617630984737906,-55.0,0,1
Carlisle,4:55,Northern Tempest,Connor Beasley,Michael Dods,9.0,23.0,3.0,6.0,Class 6,8,083465,10.5,Active,Good To Soft,5f182y,0,54.0,0.0,0.0,0.09523809523809523,2.3513752571634776,-54.0,0,1
Carlisle,4:55,Dream Forever,James Sullivan,Jedd O'Keeffe,0.0,3.0,3.0,6.0,Class 6,8,-24000,19.0,Active,Good To Soft,5f182y,0,46.0,0.0,0.0,0.05263157894736842,2.9444389791664403,-46.0,0,1
Carlisle,5:30,Between Me And U,David Allan,Michael Herrington,23.0,13.0,5.0,8.0,Class 5,11,6-6711,10.5,Active,Good To Soft,7f173y,0,70.0,0.0,0.0,0.09523809523809523,2.3513752571634776,-70.0,0,1
Carlisle,5:30,Barley,Sean Kirrane,Tim Easterby,6.0,81.0,7.0,8.0,Class 5,11,233324,4.3,Active,Good To Soft,7f173y,0,69.0,0.0,0.0,0.23255813953488372,1.4586150226995167,-69.0,0,1
Carlisle,5:30,Keep An Eye On It,David Nolan,Tony Coyle & Kaine Wood,13.0,8.0,3.0,8.0,Class 5,11,4-5231,5.2,Active,Good To Soft,7f173y,0,67.0,0.0,0.0,0.1923076923076923,1.6486586255873816,-67.0,0,1
Carlisle,5:30,Avatar Jet,Zak Wheatley,Declan Carroll,0.0,10.0,5.0,8.0,Class 5,11,/01347,18.0,Active,Good To Soft,7f173y,0,66.0,0.0,0.0,0.05555555555555555,2.8903717578961645,-66.0,0,1
Carlisle,5:30,Hostility,Conor Whiteley(5),David O'Meara,16.0,49.0,4.0,8.0,Class 5,11,972151,5.6,Active,Good To Soft,7f173y,0,65.0,0.0,0.0,0.17857142857142858,1.7227665977411035,-65.0,0,1
Carlisle,5:30,Ephron,Connor Beasley,Gemma Tutty,7.0,15.0,3.0,8.0,Class 5,11,-15271,5.8,Active,Good To Soft,7f173y,0,70.0,0.0,0.0,0.1724137931034483,1.7578579175523736,-70.0,0,1
Carlisle,5:30,Ravishing Beauty,Jack Garritty,Jedd O'Keeffe,0.0,3.0,5.0,8.0,Class 5,11,871334,11.5,Active,Good To Soft,7f173y,0,64.0,0.0,0.0,0.08695652173913043,2.4423470353692043,-64.0,0,1
Carlisle,5:30,Blufferonthebus,Sam James,Craig Lidster,10.0,10.0,5.0,8.0,Class 5,11,463293,15.0,Active,Good To Soft,7f173y,0,62.0,0.0,0.0,0.06666666666666667,2.70805020110221,-62.0,0,1
Carlisle,5:30,Beckon,Tom Eaves,Susan Corbett,0.0,4.0,3.0,8.0,Class 5,11,31-639,21.0,Active,Good To Soft,7f173y,0,66.0,0.0,0.0,0.047619047619047616,3.044522437723423,-66.0,0,1
Carlisle,5:30,Princess Niyla,Paul Mulrennan,Alan Brown,0.0,6.0,6.0,8.0,Class 5,11,356537,18.0,Active,Good To Soft,7f173y,0,60.0,0.0,0.0,0.05555555555555555,2.8903717578961645,-60.0,0,1
Carlisle,5:30,Captain Corelli,Tom Kiely-Marshall(5),Julie Camacho,5.0,20.0,9.0,8.0,Class 5,11,65900-,18.0,Active,Good To Soft,7f173y,0,58.0,0.0,0.0,0.05555555555555555,2.8903717578961645,-58.0,0,1
Kempton (AW),5:25,Dream Of Albion,David Probert,Amanda Perrett,33.0,6.0,3.0,7.0,Class 4,9,,18.0,Active,Standard / Slow,7f,0,0.0,0.0,0.0,0.05555555555555555,2.8903717578961645,0.0,0,0
Kempton (AW),5:25,Mile End Road,Cieren Fallon,James Owen,24.0,41.0,3.0,7.0,Class 4,9,,8.0,Active,Standard / Slow,7f,0,0.0,0.0,0.0,0.125,2.0794415416798357,0.0,0,0
Kempton (AW),5:25,Palliser,Pierre-Louis Jamin,Archie Watson,0.0,22.0,3.0,7.0,Class 4,9,,17.5,Active,Standard / Slow,7f,0,0.0,0.0,0.0,0.05714285714285714,2.8622008809294686,0.0,0,0
Kempton (AW),5:25,Vincenzo Bellini,Hope Regan(7),Mark Loughnane,14.0,14.0,3.0,7.0,Class 4,9,56,34.0,Active,Standard / Slow,7f,0,0.0,0.0,0.0,0.029411764705882353,3.5263605246161616,0.0,0,0
Kempton (AW),5:25,Graniteville,Marco Ghiani,Marco Botti,26.0,23.0,3.0,7.0,Class 4,9,0-46,7.6,Active,Standard / Slow,7f,0,82.0,0.0,0.0,0.13157894736842105,2.028148247292285,-82.0,0,1
Kempton (AW),5:25,Merry,Daniel Muscutt,James Horton,0.0,8.0,3.0,7.0,Class 4,9,3-452,4.2,Active,Standard / Slow,7f,0,72.0,0.0,0.0,0.23809523809523808,1.4350845252893227,-72.0,0,1
Kempton (AW),5:25,River Nile,Callum Hutchinson,Andrew Balding,12.0,49.0,3.0,7.0,Class 4,9,6-,10.0,Active,Standard / Slow,7f,0,0.0,0.0,0.0,0.1,2.302585092994046,0.0,0,0
Kempton (AW),5:25,Spareapenny,Benoit de la Sayette,Patrick Owens,0.0,4.0,3.0,7.0,Class 4,9,5,44.0,Active,Standard / Slow,7f,0,0.0,0.0,0.0,0.022727272727272728,3.784189633918261,0.0,0,0
Kempton (AW),5:25,Withtearsinmyeyes,Billy Loughnane,Jack Channon,7.0,15.0,3.0,7.0,Class 4,9,223,2.2,Active,Standard / Slow,7f,0,81.0,0.0,0.0,0.45454545454545453,0.7884573603642703,-81.0,0,1
Kempton (AW),5:58,Sakowin,Finley Marsh,Richard Hughes,13.0,30.0,2.0,7.0,Class 6,13,859,3.7,Active,Standard / Slow,7f,0,65.0,0.0,0.0,0.27027027027027023,1.308332819650179,-65.0,0,1
Kempton (AW),5:58,No More Pino,Seamus Cronin(5),Charlie Pike,0.0,8.0,2.0,7.0,Class 6,13,596,10.0,Active,Standard / Slow,7f,0,65.0,0.0,0.0,0.1,2.302585092994046,-65.0,0,1
Kempton (AW),5:58,Kochella,Harry Davies,Henry Dwyer,0.0,1.0,2.0,7.0,Class 6,13,3063,6.4,Active,Standard / Slow,7f,0,64.0,0.0,0.0,0.15625,1.8562979903656263,-64.0,0,1
Kempton (AW),5:58,Beach Ahead,Toby Moore(7),Gary & Josh Moore,17.0,23.0,2.0,7.0,Class 6,13,446,10.0,Active,Standard / Slow,7f,0,63.0,0.0,0.0,0.1,2.302585092994046,-63.0,0,1
Kempton (AW),5:58,Havana Court,Cieren Fallon,William Knight,0.0,13.0,2.0,7.0,Class 6,13,839,14.5,Active,Standard / Slow,7f,0,62.0,0.0,0.0,0.06896551724137931,2.6741486494265287,-62.0,0,1
Kempton (AW),5:58,Dream On Kent,J F Egan,David Evans,13.0,16.0,2.0,7.0,Class 6,13,82269,19.5,Active,Standard / Slow,7f,0,62.0,0.0,0.0,0.05128205128205128,2.970414465569701,-62.0,0,1
Kempton (AW),5:58,Chilli,Charles Bishop,Eve Johnson Houghton,10.0,41.0,2.0,7.0,Class 6,13,486,17.0,Active,Standard / Slow,7f,0,62.0,0.0,0.0,0.058823529411764705,2.833213344056216,-62.0,0,1
Kempton (AW),5:58,Perfect Hope,Sean Levey,Tom Ward,15.0,13.0,2.0,7.0,Class 6,13,698,11.5,Active,Standard / Slow,7f,0,59.0,0.0,0.0,0.08695652173913043,2.4423470353692043,-59.0,0,1
Kempton (AW),5:58,Ten Year Stretch,William Carver,Jamie Osborne,17.0,12.0,2.0,7.0,Class 6,13,7958,32.0,Active,Standard / Slow,7f,0,58.0,0.0,0.0,0.03125,3.4657359027997265,-58.0,0,1
Kempton (AW),5:58,Printing Money,Stevie Donohoe,Dylan Cunha,23.0,22.0,2.0,7.0,Class 6,13,967,7.0,Active,Standard / Slow,7f,0,58.0,0.0,0.0,0.14285714285714285,1.9459101490553132,-58.0,0,1
Kempton (AW),5:58,Aminaty,Daniel Muscutt,Andrew Balding,12.0,49.0,2.0,7.0,Class 6,13,078,20.0,Active,Standard / Slow,7f,0,55.0,0.0,0.0,0.05,2.995732273553991,-55.0,0,1
Kempton (AW),5:58,Alpaca's Bullet,Tyler Heard,Adam Kirby,9.0,11.0,2.0,7.0,Class 6,13,8798,32.5,Active,Standard / Slow,7f,0,51.0,0.0,0.0,0.03076923076923077,3.481240089335692,-51.0,0,1
Kempton (AW),5:58,The Kalonji Man,Sean D Bowen,Richard Hannon,6.0,53.0,2.0,7.0,Class 6,13,0486,32.0,Active,Standard / Slow,7f,0,48.0,0.0,0.0,0.03125,3.4657359027997265,-48.0,0,1
Kempton (AW),6:30,Sonic Angel,Jack Mitchell,Simon & Ed Crisford,35.0,26.0,2.0,7.0,Class 3,13,1,5.4,Active,Standard / Slow,7f,0,0.0,0.0,0.0,0.18518518518518517,1.6863989535702288,0.0,0,0
Kempton (AW),6:30,Algaihabane,Benoit de la Sayette,John & Thady Gosden,25.0,16.0,2.0,7.0,Class 3,13,,2.28,Active,Standard / Slow,7f,0,0.0,0.0,0.0,0.4385964912280702,0.8241754429663494,0.0,0,0
Kempton (AW),6:30,Carrow Road,Joey Haynes,Chelsea Banham,33.0,3.0,2.0,7.0,Class 3,13,69,100.0,Active,Standard / Slow,7f,0,0.0,0.0,0.0,0.01,4.605170185988092,0.0,0,0
Kempton (AW),6:30,Give Hand,Lewis Edmunds,Harry Charlton,27.0,11.0,2.0,7.0,Class 3,13,,20.0,Active,Standard / Slow,7f,0,0.0,0.0,0.0,0.05,2.995732273553991,0.0,0,0
Kempton (AW),6:30,Hoshi,David Probert,Alan King,7.0,15.0,2.0,7.0,Class 3,13,,21.0,Active,Standard / Slow,7f,0,0.0,0.0,0.0,0.047619047619047616,3.044522437723423,0.0,0,0
Kempton (AW),6:30,Liberty's Hall,Cieren Fallon,James Owen,24.0,41.0,2.0,7.0,Class 3,13,,17.5,Active,Standard / Slow,7f,0,0.0,0.0,0.0,0.05714285714285714,2.8622008809294686,0.0,0,0
Kempton (AW),6:30,Perfect Heir,Jason Watson,Andrew Balding,12.0,49.0,2.0,7.0,Class 3,13,,25.0,Active,Standard / Slow,7f,0,0.0,0.0,0.0,0.04,3.2188758248682006,0.0,0,0
Kempton (AW),6:30,Shaddock,Rhys Clutterbuck,Ralph Beckett,24.0,33.0,2.0,7.0,Class 3,13,,10.5,Active,Standard / Slow,7f,0,0.0,0.0,0.0,0.09523809523809523,2.3513752571634776,0.0,0,0
Kempton (AW),6:30,Stytch,Charles Bishop,Alan King,7.0,15.0,2.0,7.0,Class 3,13,,40.0,Active,Standard / Slow,7f,0,0.0,0.0,0.0,0.025,3.6888794541139363,0.0,0,0
Kempton (AW),6:30,Thunder Home,Billy Loughnane,James Horton,0.0,8.0,2.0,7.0,Class 3,13,752,5.4,Active,Standard / Slow,7f,0,85.0,0.0,0.0,0.18518518518518517,1.6863989535702288,-85.0,0,1
Kempton (AW),6:30,Time To Climb,Marco Ghiani,Stuart Williams,15.0,33.0,2.0,7.0,Class 3,13,,38.0,Active,Standard / Slow,7f,0,0.0,0.0,0.0,0.02631578947368421,3.6375861597263857,0.0,0,0
Kempton (AW),6:30,Uncle Zello,George Bass,Jack Channon,7.0,15.0,2.0,7.0,Class 3,13,,20.0,Active,Standard / Slow,7f,0,0.0,0.0,0.0,0.05,2.995732273553991,0.0,0,0
Kempton (AW),6:30,Lady Nenaz,Sean Levey,Tom Ward,15.0,13.0,2.0,7.0,Class 3,13,,32.0,Active,Standard / Slow,7f,0,0.0,0.0,0.0,0.03125,3.4657359027997265,0.0,0,0
Kempton (AW),7:00,Bankatary,Cieren Fallon,James Owen,24.0,41.0,4.0,12.0,Class 4,12,45,6.4,Active,Standard / Slow,1m3f219y,0,0.0,0.0,0.0,0.15625,1.8562979903656263,0.0,0,0
Kempton (AW),7:00,Gold Hill,William Cox,Mrs Sara V Bradstock,0.0,0.0,4.0,12.0,Class 4,12,4/,50.0,Active,Standard / Slow,1m3f219y,0,0.0,0.0,0.0,0.02,3.912023005428146,0.0,0,0
Kempton (AW),7:00,Tide Lines,Callum Shepherd,Charlie Johnston,15.0,34.0,5.0,12.0,Class 4,12,47,16.0,Active,Standard / Slow,1m3f219y,0,0.0,0.0,0.0,0.0625,2.772588722239781,0.0,0,0
Kempton (AW),7:00,Lucy The Wire,Billy Loughnane,James Owen,24.0,41.0,4.0,12.0,Class 4,12,2,5.5,Active,Standard / Slow,1m3f219y,0,0.0,0.0,0.0,0.18181818181818182,1.7047480922384253,0.0,0,0
Kempton (AW),7:00,Westender,Sean Levey,David Menuisier,0.0,7.0,3.0,12.0,Class 4,12,0-7,46.0,Active,Standard / Slow,1m3f219y,0,0.0,0.0,0.0,0.021739130434782608,3.828641396489095,0.0,0,0
Kempton (AW),7:00,Wreck It Ronnie,Thomas Greatrex,Charlie Pike,0.0,8.0,3.0,12.0,Class 4,12,6,19.5,Active,Standard / Slow,1m3f219y,0,0.0,0.0,0.0,0.05128205128205128,2.970414465569701,0.0,0,0
Kempton (AW),7:00,Arklan,Charles Bishop,Eve Johnson Houghton,10.0,41.0,3.0,12.0,Class 4,12,59,34.0,Active,Standard / Slow,1m3f219y,0,0.0,0.0,0.0,0.029411764705882353,3.5263605246161616,0.0,0,0
Kempton (AW),7:00,Liberate,Pierre-Louis Jamin,Harry Eustace,14.0,14.0,3.0,12.0,Class 4,12,432,3.8,Active,Standard / Slow,1m3f219y,0,77.0,0.0,0.0,0.2631578947368421,1.33500106673234,-77.0,0,1
Kempton (AW),7:00,Eshowe,Georgia Dobie,Edward Smyth-Osbourne,0.0,5.0,3.0,12.0,Class 4,12,0-0,55.0,Active,Standard / Slow,1m3f219y,0,0.0,0.0,0.0,0.01818181818181818,4.007333185232471,0.0,0,0
Kempton (AW),7:00,Quiet Summer,Daniel Muscutt,Andrew Balding,12.0,49.0,3.0,12.0,Class 4,12,4,14.0,Active,Standard / Slow,1m3f219y,0,0.0,0.0,0.0,0.07142857142857142,2.6390573296152584,0.0,0,0
Kempton (AW),7:00,Feelin' Free,Toby Moore(7),Jack Jones,15.0,13.0,3.0,12.0,Class 4,12,2,30.0,Active,Standard / Slow,1m3f219y,0,0.0,0.0,0.0,0.03333333333333333,3.4011973816621555,0.0,0,0
Kempton (AW),7:00,St Hilda,David Probert,Marcus Tregoning,20.0,5.0,3.0,12.0,Class 4,12,4-226,7.4,Active,Standard / Slow,1m3f219y,0,71.0,0.0,0.0,0.13513513513513511,2.0014800002101243,-71.0,0,1
Kempton (AW),7:30,Percy's Lad,Ebrahim Nader,Daniel & Claire Kubler,24.0,17.0,8.0,8.0,Class 4,9,062615,5.0,Active,Standard / Slow,1m,0,86.0,0.0,0.0,0.2,1.6094379124341003,-86.0,0,1
Kempton (AW),7:30,Mr Professor,Toby Moore(7),Kevin Philippart De Foy,0.0,10.0,7.0,8.0,Class 4,9,/056-6,4.9,Active,Standard / Slow,1m,0,87.0,0.0,0.0,0.2040816326530612,1.589235205116581,-87.0,0,1
Kempton (AW),7:30,Breakdancer,Jack Mitchell,Simon & Ed Crisford,35.0,26.0,4.0,8.0,Class 4,9,325843,5.4,Active,Standard / Slow,1m,0,83.0,0.0,0.0,0.18518518518518517,1.6863989535702288,-83.0,0,1
Kempton (AW),7:30,Lake Como,Billy Loughnane,George Boughey,18.0,22.0,3.0,8.0,Class 4,9,1-3476,2.68,Active,Standard / Slow,1m,0,87.0,0.0,0.0,0.3731343283582089,0.9858167945227654,-87.0,0,1
Kempton (AW),7:30,Darn Hot Gallop,Lewis Edmunds,James Tate,27.0,15.0,3.0,8.0,Class 4,9,1-1006,8.2,Active,Standard / Slow,1m,0,85.0,0.0,0.0,0.12195121951219513,2.1041341542702074,-85.0,0,1
Kempton (AW),7:30,Lucky Camino,David Probert,Hugo Palmer,4.0,24.0,3.0,8.0,Class 4,9,2231,9.4,Active,Standard / Slow,1m,0,84.0,0.0,0.0,0.10638297872340426,2.2407096892759584,-84.0,0,1
Kempton (AW),7:30,Night Wolf,Dale Swift,Seb Spencer,0.0,8.0,3.0,8.0,Class 4,9,53-6,19.5,Active,Standard / Slow,1m,0,82.0,0.0,0.0,0.05128205128205128,2.970414465569701,-82.0,0,1
Kempton (AW),7:30,Chapter,Jason Watson,Charles Hills,24.0,17.0,3.0,8.0,Class 4,9,13-612,5.9,Active,Standard / Slow,1m,0,81.0,0.0,0.0,0.1694915254237288,1.7749523509116738,-81.0,0,1
Kempton (AW),7:30,Victory Ace,Sean Levey,John Butler,27.0,26.0,3.0,8.0,Class 4,9,126511,4.6,Active,Standard / Slow,1m,0,79.0,0.0,0.0,0.2173913043478261,1.5260563034950492,-79.0,0,1
Kempton (AW),7:30,Lili Marleen,Pierre-Louis Jamin,Jack Jones,15.0,13.0,4.0,8.0,Class 4,9,-0FP90,30.0,Active,Standard / Slow,1m,0,68.0,0.0,0.0,0.03333333333333333,3.4011973816621555,-68.0,0,1
Kempton (AW),8:00,Racingbreaks Ryder,Jason Watson,Charles Hills,24.0,17.0,6.0,8.0,Class 4,9,03-811,5.7,Active,Standard / Slow,1m,0,82.0,0.0,0.0,0.17543859649122806,1.7404661748405046,-82.0,0,1
Kempton (AW),8:00,Exposure,Benoit de la Sayette,John & Thady Gosden,25.0,16.0,4.0,8.0,Class 4,9,65-743,3.75,Active,Standard / Slow,1m,0,85.0,0.0,0.0,0.26666666666666666,1.3217558399823195,-85.0,0,1
Kempton (AW),8:00,Distinct Spirit,Ebrahim Nader,Daniel & Claire Kubler,24.0,17.0,6.0,8.0,Class 4,9,-33112,10.0,Active,Standard / Slow,1m,0,83.0,0.0,0.0,0.1,2.302585092994046,-83.0,0,1
Kempton (AW),8:00,Fight Your Corner,Billy Loughnane,James Tate,27.0,15.0,5.0,8.0,Class 4,9,351-15,3.1,Active,Standard / Slow,1m,0,81.0,0.0,0.0,0.3225806451612903,1.1314021114911006,-81.0,0,1
Kempton (AW),8:00,Elan d'Or,Marco Ghiani,Stuart Williams,15.0,33.0,3.0,8.0,Class 4,9,1-5033,15.0,Active,Standard / Slow,1m,0,85.0,0.0,0.0,0.06666666666666667,2.70805020110221,-85.0,0,1
Kempton (AW),8:00,Herculeus,Lewis Edmunds,William Muir & Chris Grassick,10.0,20.0,4.0,8.0,Class 4,9,00-950,18.0,Active,Standard / Slow,1m,0,77.0,0.0,0.0,0.05555555555555555,2.8903717578961645,-77.0,0,1
Kempton (AW),8:00,Starlight Time,Robbie Downey,Roger Varian,24.0,21.0,3.0,8.0,Class 4,9,81-885,9.4,Active,Standard / Slow,1m,0,82.0,0.0,0.0,0.10638297872340426,2.2407096892759584,-82.0,0,1
Kempton (AW),8:00,Luzon Heights,Cieren Fallon,William Knight,0.0,13.0,3.0,8.0,Class 4,9,-52429,5.5,Active,Standard / Slow,1m,0,79.0,0.0,0.0,0.18181818181818182,1.7047480922384253,-79.0,0,1
Kempton (AW),8:00,Captain Fox,Finley Marsh,Richard Hughes,13.0,30.0,3.0,8.0,Class 4,9,3-1655,11.5,Active,Standard / Slow,1m,0,77.0,0.0,0.0,0.08695652173913043,2.4423470353692043,-77.0,0,1
Kempton (AW),8:00,Double Eagle,J F Egan,Michael Wigham,0.0,5.0,3.0,8.0,Class 4,9,5573-,15.5,Active,Standard / Slow,1m,0,66.0,0.0,0.0,0.06451612903225806,2.740840023925201,-66.0,0,1
Kempton (AW),8:30,Cavolo Nero,Kaiya Fraser,Harry Eustace,14.0,14.0,4.0,8.0,Class 4,8,3-2341,3.3,Active,Standard / Slow,1m,0,87.0,0.0,0.0,0.30303030303030304,1.1939224684724346,-87.0,0,1
Kempton (AW),8:30,Malachy's Wish,William Carver,Jamie Osborne,17.0,12.0,3.0,8.0,Class 4,8,110-01,7.5,Active,Standard / Slow,1m,0,84.0,0.0,0.0,0.13333333333333333,2.0149030205422647,-84.0,0,1
Kempton (AW),8:30,Helm Rock,Ebrahim Nader,Daniel & Claire Kubler,24.0,17.0,8.0,8.0,Class 4,8,132674,9.4,Active,Standard / Slow,1m,0,83.0,0.0,0.0,0.10638297872340426,2.2407096892759584,-83.0,0,1
Kempton (AW),8:30,Talis Evolvere,Sean Levey,Richard Hannon,6.0,53.0,6.0,8.0,Class 4,8,082766,3.85,Active,Standard / Slow,1m,0,80.0,0.0,0.0,0.2597402597402597,1.3480731482996928,-80.0,0,1
Kempton (AW),8:30,Rogue Defence,Billy Loughnane,Jack Jones,15.0,13.0,3.0,8.0,Class 4,8,151,4.7,Active,Standard / Slow,1m,0,85.0,0.0,0.0,0.2127659574468085,1.547562508716013,-85.0,0,1
Kempton (AW),8:30,Port Road,Tyler Heard,Simon Dow,13.0,8.0,5.0,8.0,Class 4,8,161804,18.5,Active,Standard / Slow,1m,0,77.0,0.0,0.0,0.05405405405405406,2.917770732084279,-77.0,0,1
Kempton (AW),8:30,Royale Goodnight,Millie Wonnacott(5),Harry Charlton,27.0,11.0,4.0,8.0,Class 4,8,18/2-0,20.0,Active,Standard / Slow,1m,0,75.0,0.0,0.0,0.05,2.995732273553991,-75.0,0,1
Kempton (AW),8:30,White Crown Star,Charles Bishop,Ian Williams,6.0,35.0,4.0,8.0,Class 4,8,339-00,6.4,Active,Standard / Slow,1m,0,73.0,0.0,0.0,0.15625,1.8562979903656263,-73.0,0,1
Kempton (AW),8:30,Port Erin,Jack Doughty,Tony Carroll,11.0,46.0,6.0,8.0,Class 4,8,09-085,18.0,Active,Standard / Slow,1m,0,70.0,0.0,0.0,0.05555555555555555,2.8903717578961645,-70.0,0,1
Kempton (AW),9:00,Slack Bob,Marco Ghiani,Ed Dunlop,6.0,17.0,3.0,7.0,Class 5,11,-32136,4.6,Active,Standard / Slow,7f,0,70.0,0.0,0.0,0.2173913043478261,1.5260563034950492,-70.0,0,1
Kempton (AW),9:00,Santiago Boy,Jason Watson,Charles Hills,24.0,17.0,3.0,7.0,Class 5,11,75482,5.6,Active,Standard / Slow,7f,0,70.0,0.0,0.0,0.17857142857142858,1.7227665977411035,-70.0,0,1
Kempton (AW),9:00,G'Emmethegreenlite,Dale Swift,Seb Spencer,0.0,8.0,3.0,7.0,Class 5,11,447-0,10.0,Active,Standard / Slow,7f,0,67.0,0.0,0.0,0.1,2.302585092994046,-67.0,0,1
Kempton (AW),9:00,Unionville,William Carson,Michael Attwater,6.0,16.0,3.0,7.0,Class 5,11,217883,18.0,Active,Standard / Slow,7f,0,67.0,0.0,0.0,0.05555555555555555,2.8903717578961645,-67.0,0,1
Kempton (AW),9:00,Obsidian Verse,Callum Shepherd,James Fanshawe,25.0,24.0,3.0,7.0,Class 5,11,5-8156,5.3,Active,Standard / Slow,7f,0,67.0,0.0,0.0,0.18867924528301888,1.667706820558076,-67.0,0,1
Kempton (AW),9:00,Eduardo Calderon,Kaiya Fraser,Harry Eustace,14.0,14.0,3.0,7.0,Class 5,11,87-244,10.0,Active,Standard / Slow,7f,0,67.0,0.0,0.0,0.1,2.302585092994046,-67.0,0,1
Kempton (AW),9:00,Generous Rascal,Rhys Clutterbuck,Dylan Cunha,23.0,22.0,3.0,7.0,Class 5,11,383575,8.4,Active,Standard / Slow,7f,0,67.0,0.0,0.0,0.11904761904761904,2.128231705849268,-67.0,0,1
Kempton (AW),9:00,Station Bar,Charles Bishop,Eve Johnson Houghton,10.0,41.0,3.0,7.0,Class 5,11,468154,6.8,Active,Standard / Slow,7f,0,66.0,0.0,0.0,0.14705882352941177,1.916922612182061,-66.0,0,1
Kempton (AW),9:00,Strong Voice,Jack Mitchell,James Horton,0.0,8.0,3.0,7.0,Class 5,11,34-026,7.6,Active,Standard / Slow,7f,0,65.0,0.0,0.0,0.13157894736842105,2.028148247292285,-65.0,0,1
Kempton (AW),9:00,Piazza,Daniel Muscutt,Ollie Sangster,11.0,19.0,3.0,7.0,Class 5,11,34-572,9.8,Active,Standard / Slow,7f,0,65.0,0.0,0.0,0.1020408163265306,2.2823823856765264,-65.0,0,1
Kempton (AW),9:00,Viviana,Billy Loughnane,Charlie Johnston,15.0,34.0,3.0,7.0,Class 5,11,336542,9.2,Active,Standard / Slow,7f,0,62.0,0.0,0.0,0.10869565217391305,2.2192034840549946,-62.0,0,1
Worcester,5:02,Smugglers Haven,Miss Lily Bradstock(7),Mrs Sara V Bradstock,0.0,0.0,7.0,23.0,Class 4,6,21F-12,4.1,Active,Good,2m7f,0,120.0,0.0,0.0,0.24390243902439027,1.410986973710262,-120.0,0,1
Worcester,5:02,Palamon,Tristan Durrell,Dan Skelton,40.0,5.0,6.0,23.0,Class 4,6,5163-5,14.0,Active,Good,2m7f,0,120.0,0.0,0.0,0.07142857142857142,2.6390573296152584,-120.0,0,1
Worcester,5:02,Muskerry Rock,Harry Skelton,Dan Skelton,40.0,5.0,7.0,23.0,Class 4,6,8-1221,3.75,Active,Good,2m7f,0,120.0,0.0,0.0,0.26666666666666666,1.3217558399823195,-120.0,0,1
Worcester,5:02,King Roly,James Bowen,Mickey Bowen,0.0,3.0,7.0,23.0,Class 4,6,46-P29,7.2,Active,Good,2m7f,0,119.0,0.0,0.0,0.1388888888888889,1.9740810260220096,-119.0,0,1
Worcester,5:02,Harrys Hope,Ben Jones,Ben Pauling,0.0,0.0,8.0,23.0,Class 4,6,220-24,4.7,Active,Good,2m7f,0,111.0,0.0,0.0,0.2127659574468085,1.547562508716013,-111.0,0,1
Worcester,5:02,Yes Day,Benjamin Macey(5),Jonjo & A.J. O'Neill,17.0,6.0,8.0,23.0,Class 4,6,8P-232,6.2,Active,Good,2m7f,0,110.0,0.0,0.0,0.16129032258064516,1.824549292051046,-110.0,0,1
Worcester,5:33,Turpin Gold,Stan Sheppard,Tom Lacey,0.0,6.0,10.0,16.5,Class 5,10,420-34,9.4,Active,Good,2m110y,0,100.0,0.0,0.0,0.10638297872340426,2.2407096892759584,-100.0,0,1
Worcester,5:33,Definite Dream,Brendan Powell,Denis Coakley,0.0,3.0,8.0,16.5,Class 5,10,45-245,12.5,Active,Good,2m110y,0,98.0,0.0,0.0,0.08,2.5257286443082556,-98.0,0,1
Worcester,5:33,Alshadhian,Jack Tudor,Oliver Greenall & Josh Guerriero,0.0,4.0,6.0,16.5,Class 5,10,23-340,8.0,Active,Good,2m110y,0,96.0,0.0,0.0,0.125,2.0794415416798357,-96.0,0,1
Worcester,5:33,Iolaos du Mou,Tabitha Worsley,Tony Culhane & Stella Barclay,0.0,2.0,8.0,16.5,Class 5,10,14-663,7.0,Active,Good,2m110y,0,92.0,0.0,0.0,0.14285714285714285,1.9459101490553132,-92.0,0,1
Worcester,5:33,Dexter,Toby Wynne,Oliver Greenall & Josh Guerriero,0.0,4.0,9.0,16.5,Class 5,10,27-464,12.0,Active,Good,2m110y,0,91.0,0.0,0.0,0.08333333333333333,2.4849066497880004,-91.0,0,1
Worcester,5:33,Greer Hill,William Shanahan(5),Jennie Candlish,38.0,8.0,5.0,16.5,Class 5,10,-P8153,6.4,Active,Good,2m110y,0,89.0,0.0,0.0,0.15625,1.8562979903656263,-89.0,0,1
Worcester,5:33,Hiero Sport,Kielan Woods,Alex Hales,0.0,0.0,9.0,16.5,Class 5,10,/831-3,14.0,Active,Good,2m110y,0,85.0,0.0,0.0,0.07142857142857142,2.6390573296152584,-85.0,0,1
Worcester,5:33,Mr McWhinny,Jack Andrews,T Ellis,50.0,2.0,8.0,16.5,Class 5,10,57-141,2.86,Active,Good,2m110y,0,83.0,0.0,0.0,0.3496503496503497,1.0508216248317612,-83.0,0,1
Worcester,5:33,Keep Me Posted,Harry Bannister,Matt Sheppard,0.0,0.0,9.0,16.5,Class 5,10,7P-P65,26.0,Active,Good,2m110y,0,80.0,0.0,0.0,0.038461538461538464,3.258096538021482,-80.0,0,1
Worcester,5:33,Getaway Jewel,Brian Hughes,Micky Hammond,33.0,3.0,12.0,16.5,Class 5,10,4-2322,8.8,Active,Good,2m110y,0,76.0,0.0,0.0,0.11363636363636363,2.174751721484161,-76.0,0,1
Worcester,6:03,Blue Topaz,Jack Hogan,Fergal O'Brien,0.0,4.0,6.0,16.0,Class 4,15,1/41P-,16.5,Active,Good,2m,0,0.0,0.0,0.0,0.06060606060606061,2.803360380906535,0.0,0,0
Worcester,6:03,Datstheholyallofit,Brian Hughes,Patrick Neville,18.0,11.0,5.0,16.0,Class 4,15,44-1,9.2,Active,Good,2m,0,0.0,0.0,0.0,0.10869565217391305,2.2192034840549946,0.0,0,0
Worcester,6:03,Do Wah Diddy,Miss Amber Jackson-Fennell(7),Nigel & Willy Twiston-Davies,0.0,5.0,5.0,16.0,Class 4,15,29/8,16.0,Active,Good,2m,0,0.0,0.0,0.0,0.0625,2.772588722239781,0.0,0,0
Worcester,6:03,Dreaming Of The Dr,Luke Scott(3),Dr Richard Newland & Jamie Insole,0.0,5.0,5.0,16.0,Class 4,15,7-46,18.0,Active,Good,2m,0,0.0,0.0,0.0,0.05555555555555555,2.8903717578961645,0.0,0,0
Worcester,6:03,Elated,Ben Jones,Ben Pauling,0.0,0.0,5.0,16.0,Class 4,15,33-332,2.82,Active,Good,2m,0,98.0,0.0,0.0,0.3546099290780142,1.0367368849500223,-98.0,0,1
Worcester,6:03,Evenly,Theo Gillard,Donald McCain,0.0,0.0,5.0,16.0,Class 4,15,6,21.0,Active,Good,2m,0,0.0,0.0,0.0,0.047619047619047616,3.044522437723423,0.0,0,0
Worcester,6:03,Lady Bee Great,Stan Sheppard,Matt Sheppard,0.0,0.0,7.0,16.0,Class 4,15,0P3-11,18.5,Active,Good,2m,0,98.0,0.0,0.0,0.05405405405405406,2.917770732084279,-98.0,0,1
Worcester,6:03,Nala The Lioness,Nick Slatter(3),David Killahena & Graeme McPherson,0.0,2.0,6.0,16.0,Class 4,15,222P/,23.0,Active,Good,2m,0,0.0,0.0,0.0,0.043478260869565216,3.1354942159291497,0.0,0,0
Worcester,6:03,Sparkling Water,Harry Skelton,Dan Skelton,40.0,5.0,5.0,16.0,Class 4,15,P/42-1,2.34,Active,Good,2m,0,0.0,0.0,0.0,0.4273504273504274,0.85015092936961,0.0,0,0
Worcester,6:03,Sweet Honey B,Richie McLernon,Clive Boultbee-Brooks,0.0,0.0,8.0,16.0,Class 4,15,33/56-,16.0,Active,Good,2m,0,96.0,0.0,0.0,0.0625,2.772588722239781,-96.0,0,1
Worcester,6:03,Whinny Houston,Sean Houlihan,Sheila Lewis,0.0,0.0,5.0,16.0,Class 4,15,P0-,75.0,Active,Good,2m,0,0.0,0.0,0.0,0.013333333333333334,4.31748811353631,0.0,0,0
Worcester,6:03,Matilda Maid,Mr Daniel Williams(7),Mrs Sara V Bradstock,0.0,0.0,4.0,16.0,Class 4,15,0,21.0,Active,Good,2m,0,0.0,0.0,0.0,0.047619047619047616,3.044522437723423,0.0,0,0
Worcester,6:03,Pearl Knot,Toby Wynne,Oliver Greenall & Josh Guerriero,0.0,4.0,4.0,16.0,Class 4,15,U58,44.0,Active,Good,2m,0,0.0,0.0,0.0,0.022727272727272728,3.784189633918261,0.0,0,0
Worcester,6:03,Take The Boat,Harry Bannister,Georgina Nicholls,0.0,4.0,4.0,16.0,Class 4,15,233,9.8,Active,Good,2m,0,95.0,0.0,0.0,0.1020408163265306,2.2823823856765264,-95.0,0,1
Worcester,6:03,Adba,Harry Kimber,Faye Bramley,17.0,6.0,3.0,16.0,Class 4,15,6,27.0,Active,Good,2m,0,0.0,0.0,0.0,0.037037037037037035,3.295836866004329,0.0,0,0
Worcester,6:38,Newbrook Diamond,Sean Bowen,Gordon Elliott,11.0,35.0,6.0,20.0,Class 4,12,273-11,5.0,Active,Good,2m4f,0,126.0,0.0,0.0,0.2,1.6094379124341003,-126.0,0,1
Worcester,6:38,Road To Wembley,Mr T Walsh(7),Olly Murphy,0.0,3.0,5.0,20.0,Class 4,12,21-1,5.3,Active,Good,2m4f,0,124.0,0.0,0.0,0.18867924528301888,1.667706820558076,-124.0,0,1
Worcester,6:38,Square d'Alboni,Harry Skelton,Dan Skelton,40.0,5.0,4.0,20.0,Class 4,12,37-11,10.0,Active,Good,2m4f,0,119.0,0.0,0.0,0.1,2.302585092994046,-119.0,0,1
Worcester,6:38,Bright Legend,Harry Cobden(7),Faye Bramley,17.0,6.0,6.0,20.0,Class 4,12,5310-5,19.0,Active,Good,2m4f,0,110.0,0.0,0.0,0.05263157894736842,2.9444389791664403,-110.0,0,1
Worcester,6:38,Handmedownastar,Harry Cobden,Nick Scholfield,25.0,4.0,6.0,20.0,Class 4,12,2132-1,5.6,Active,Good,2m4f,0,115.0,0.0,0.0,0.17857142857142858,1.7227665977411035,-115.0,0,1
Worcester,6:38,Oneinthewell,Jonathan Burke,James Owen,24.0,41.0,5.0,20.0,Class 4,12,33-221,9.8,Active,Good,2m4f,0,106.0,0.0,0.0,0.1020408163265306,2.2823823856765264,-106.0,0,1
Worcester,6:38,Phantom Gold,Jack Andrews,Jennie Candlish,38.0,8.0,8.0,20.0,Class 4,12,6-4221,12.0,Active,Good,2m4f,0,102.0,0.0,0.0,0.08333333333333333,2.4849066497880004,-102.0,0,1
Worcester,6:38,Cadillac Ranch,Miss Ellie Callwood(7),L J Morgan,0.0,0.0,6.0,20.0,Class 4,12,/1PPP-,44.0,Active,Good,2m4f,0,0.0,0.0,0.0,0.022727272727272728,3.784189633918261,0.0,0,0
Worcester,6:38,Not Now,Sam Twiston-Davies,Nigel & Willy Twiston-Davies,0.0,5.0,5.0,20.0,Class 4,12,30-3,32.0,Active,Good,2m4f,0,0.0,0.0,0.0,0.03125,3.4657359027997265,0.0,0,0
Worcester,6:38,Shesonnet,Harry Bannister,Ben Case,50.0,2.0,5.0,20.0,Class 4,12,P-1822,17.0,Active,Good,2m4f,0,103.0,0.0,0.0,0.058823529411764705,2.833213344056216,-103.0,0,1
Worcester,6:38,Delgany Headline,Tristan Durrell,Dan Skelton,40.0,5.0,4.0,20.0,Class 4,12,8-9,42.0,Active,Good,2m4f,0,0.0,0.0,0.0,0.023809523809523808,3.7376696182833684,0.0,0,0
Worcester,6:38,Likewhatyousee,Richie McLernon,Jonjo & A.J. O'Neill,17.0,6.0,4.0,20.0,Class 4,12,212,10.0,Active,Good,2m4f,0,110.0,0.0,0.0,0.1,2.302585092994046,-110.0,0,1
Worcester,7:08,Starshine Legend,Sean Bowen,Olly Murphy,0.0,3.0,5.0,20.0,Class 5,10,357,5.9,Active,Good,2m4f,0,98.0,0.0,0.0,0.1694915254237288,1.7749523509116738,-98.0,0,1
Worcester,7:08,Midnight Jewel,Lilly Pinchin,Charlie Longsdon,0.0,0.0,10.0,20.0,Class 5,10,31PP-5,16.5,Active,Good,2m4f,0,94.0,0.0,0.0,0.06060606060606061,2.803360380906535,-94.0,0,1
Worcester,7:08,Mrs Biddle,Harry Cobden,Kayley Woollacott,0.0,0.0,8.0,20.0,Class 5,10,P7025-,7.4,Active,Good,2m4f,0,90.0,0.0,0.0,0.13513513513513511,2.0014800002101243,-90.0,0,1
Worcester,7:08,Iamcelestialgift,Nick Slatter(3),David Killahena & Graeme McPherson,0.0,2.0,8.0,20.0,Class 5,10,40P-69,18.5,Active,Good,2m4f,0,88.0,0.0,0.0,0.05405405405405406,2.917770732084279,-88.0,0,1
Worcester,7:08,Warner's Cross,Harry Reed,Sophie Leech,0.0,0.0,9.0,20.0,Class 5,10,P5-P51,15.0,Active,Good,2m4f,0,86.0,0.0,0.0,0.06666666666666667,2.70805020110221,-86.0,0,1
Worcester,7:08,Gone In Sixty,Kielan Woods,Alex Hales,0.0,0.0,9.0,20.0,Class 5,10,-4F243,5.1,Active,Good,2m4f,0,82.0,0.0,0.0,0.19607843137254904,1.62924053973028,-82.0,0,1
Worcester,7:08,Could Be You,Bradley Harris(3),Neil Mulholland,0.0,7.0,6.0,20.0,Class 5,10,3P0P9-,5.2,Active,Good,2m4f,0,80.0,0.0,0.0,0.1923076923076923,1.6486586255873816,-80.0,0,1
Worcester,7:08,Dynamite Defense,James Best,Sarah-Jayne Davies,0.0,2.0,5.0,20.0,Class 5,10,75-6U3,22.0,Active,Good,2m4f,0,78.0,0.0,0.0,0.045454545454545456,3.091042453358316,-78.0,0,1
Worcester,7:08,Babychino,Ms Sophie Carter(7),Alexander Gibbons,0.0,0.0,4.0,20.0,Class 5,10,3-P532,9.2,Active,Good,2m4f,0,78.0,0.0,0.0,0.10869565217391305,2.2192034840549946,-78.0,0,1
Worcester,7:08,Lucky In Taipan,Ben Jones,Ben Pauling,0.0,0.0,6.0,20.0,Class 5,10,7P60-6,7.4,Active,Good,2m4f,0,71.0,0.0,0.0,0.13513513513513511,2.0014800002101243,-71.0,0,1
Worcester,7:38,Bannister,Tom Broughton(3),Nick Kent,0.0,0.0,9.0,20.0,Class 5,9,285-60,6.4,Active,Good,2m4f,0,94.0,0.0,0.0,0.15625,1.8562979903656263,-94.0,0,1
Worcester,7:38,Bound For Glory,Ciaran Gethings,Robert Stephens,0.0,4.0,4.0,20.0,Class 5,9,44-134,9.0,Active,Good,2m4f,0,96.0,0.0,0.0,0.1111111111111111,2.1972245773362196,-96.0,0,1
Worcester,7:38,Crafty Gael,Sean Bowen,Olly Murphy,0.0,3.0,7.0,20.0,Class 5,9,/008-3,6.0,Active,Good,2m4f,0,89.0,0.0,0.0,0.16666666666666666,1.791759469228055,-89.0,0,1
Worcester,7:38,Royal Rhythm,Richie McLernon,Jonjo & A.J. O'Neill,17.0,6.0,10.0,20.0,Class 5,9,P-55P3,9.6,Active,Good,2m4f,0,87.0,0.0,0.0,0.10416666666666667,2.2617630984737906,-87.0,0,1
Worcester,7:38,Usyk,Miss Amber Jackson-Fennell(7),Nigel & Willy Twiston-Davies,0.0,5.0,5.0,20.0,Class 5,9,6-45R3,15.0,Active,Good,2m4f,0,85.0,0.0,0.0,0.06666666666666667,2.70805020110221,-85.0,0,1
Worcester,7:38,Boskill Borden,Shane Fenelon(5),David Rees,0.0,0.0,7.0,20.0,Class 5,9,3697-P,17.0,Active,Good,2m4f,0,80.0,0.0,0.0,0.058823529411764705,2.833213344056216,-80.0,0,1
Worcester,7:38,Onehundredneighty,Ben Jones,Ben Pauling,0.0,0.0,6.0,20.0,Class 5,9,0235-4,2.88,Active,Good,2m4f,0,78.0,0.0,0.0,0.3472222222222222,1.0577902941478545,-78.0,0,1
Worcester,7:38,Ghost Jury,Harry Cobden,Kayley Woollacott,0.0,0.0,7.0,20.0,Class 5,9,4-1252,6.2,Active,Good,2m4f,0,76.0,0.0,0.0,0.16129032258064516,1.824549292051046,-76.0,0,1
Worcester,7:38,Brooklyn Lullaby,Harry Bannister,Michael & David Easterby,9.0,35.0,6.0,20.0,Class 5,9,U07-52,6.4,Active,Good,2m4f,0,72.0,0.0,0.0,0.15625,1.8562979903656263,-72.0,0,1
Worcester,7:38,Cosmic Spirit,Mr Joseph Stevenson(7),Ben Case,50.0,2.0,4.0,20.0,Class 5,9,0809-0,15.5,Active,Good,2m4f,0,71.0,0.0,0.0,0.06451612903225806,2.740840023925201,-71.0,0,1
Worcester,8:08,Cinnodin,Gavin Sheehan,Jamie Snowden,100.0,2.0,6.0,23.0,Class 5,16,25-12P,5.0,Active,Good,2m7f,0,104.0,0.0,0.0,0.2,1.6094379124341003,-104.0,0,1
Worcester,8:08,Back In The Bay,Jonathan Burke,James Owen,24.0,41.0,7.0,23.0,Class 5,16,213-75,13.0,Active,Good,2m7f,0,104.0,0.0,0.0,0.07692307692307693,2.5649493574615367,-104.0,0,1
Worcester,8:08,October Hill,Rian Corcoran(5),David Pipe,0.0,2.0,6.0,23.0,Class 5,16,3-1B25,10.0,Active,Good,2m7f,0,103.0,0.0,0.0,0.1,2.302585092994046,-103.0,0,1
Worcester,8:08,Fiskardo,Shane Fenelon(5),Mickey Bowen,0.0,3.0,6.0,23.0,Class 5,16,/1-234,5.3,Active,Good,2m7f,0,102.0,0.0,0.0,0.18867924528301888,1.667706820558076,-102.0,0,1
Worcester,8:08,Mistral Blue,Fern O'Brien(5),Fergal O'Brien,0.0,4.0,8.0,23.0,Class 5,16,P-5316,17.0,Active,Good,2m7f,0,101.0,0.0,0.0,0.058823529411764705,2.833213344056216,-101.0,0,1
Worcester,8:08,Betty's Tiara,Ben Jones,Ben Pauling,0.0,0.0,8.0,23.0,Class 5,16,46-798,17.5,Active,Good,2m7f,0,100.0,0.0,0.0,0.05714285714285714,2.8622008809294686,-100.0,0,1
Worcester,8:08,Redbridge Rambler,Freddie Keighley(5),Martin Keighley,33.0,3.0,8.0,23.0,Class 5,16,45-145,7.4,Active,Good,2m7f,0,99.0,0.0,0.0,0.13513513513513511,2.0014800002101243,-99.0,0,1
Worcester,8:08,Stiletto,Harry Cobden,Sophie Leech,0.0,0.0,8.0,23.0,Class 5,16,09-561,9.6,Active,Good,2m7f,0,99.0,0.0,0.0,0.10416666666666667,2.2617630984737906,-99.0,0,1
Worcester,8:08,Final Entry,Jack Tudor,David Pipe,0.0,2.0,5.0,23.0,Class 5,16,64-314,5.3,Active,Good,2m7f,0,98.0,0.0,0.0,0.18867924528301888,1.667706820558076,-98.0,0,1
Worcester,8:08,Atreides,Mr Laurie Gallacher(10),Neil Mulholland,0.0,7.0,8.0,23.0,Class 5,16,2-6353,11.5,Active,Good,2m7f,0,98.0,0.0,0.0,0.08695652173913043,2.4423470353692043,-98.0,0,1
Worcester,8:08,Kenzo Des Bruyeres,James Bowen,Mickey Bowen,0.0,3.0,6.0,23.0,Class 5,16,45-75P,15.5,Active,Good,2m7f,0,97.0,0.0,0.0,0.06451612903225806,2.740840023925201,-97.0,0,1
Worcester,8:08,Barry Fife,Sam Twiston-Davies,Gary Hanmer,0.0,4.0,7.0,23.0,Class 5,16,7-35P3,6.2,Active,Good,2m7f,0,97.0,0.0,0.0,0.16129032258064516,1.824549292051046,-97.0,0,1
Worcester,8:08,The Great Escape,Richie McLernon,Jonjo & A.J. O'Neill,17.0,6.0,6.0,23.0,Class 5,16,87P-61,4.5,Active,Good,2m7f,0,96.0,0.0,0.0,0.2222222222222222,1.5040773967762742,-96.0,0,1
Worcester,8:08,Mancero,Sean Bowen,David Pipe,0.0,2.0,4.0,23.0,Class 5,16,-41P21,2.94,Active,Good,2m7f,0,98.0,0.0,0.0,0.3401360544217687,1.0784095813505903,-98.0,0,1
Worcester,8:08,Ikigai Star,David Bass,Charlie Longsdon,0.0,0.0,6.0,23.0,Class 5,16,533-P3,5.3,Active,Good,2m7f,0,91.0,0.0,0.0,0.18867924528301888,1.667706820558076,-91.0,0,1
Worcester,8:08,Farhh Echo,Liam Harrison,D J Jeffreys,0.0,1.0,5.0,23.0,Class 5,16,0P880-,15.5,Active,Good,2m7f,0,85.0,0.0,0.0,0.06451612903225806,2.740840023925201,-85.0,0,1
Worcester,8:08,Sims' Law,Benjamin Macey(5),Jonjo & A.J. O'Neill,17.0,6.0,5.0,23.0,Class 5,16,P9P-0,45.0,Active,Good,2m7f,0,68.0,0.0,0.0,0.022222222222222223,3.8066624897703196,-68.0,0,1
York,1:50,Dubai Bling,Oisin Murphy,Hugo Palmer,4.0,24.0,4.0,5.5,Class 2,22,712010,32.0,Active,Good,0m5f89y,0,104.0,0.0,0.0,0.03125,3.4657359027997265,-104.0,0,1
York,1:50,Stratusnine,James Doyle,Hugo Palmer,4.0,24.0,4.0,5.5,Class 2,22,P28312,12.0,Active,Good,0m5f89y,0,104.0,0.0,0.0,0.08333333333333333,2.4849066497880004,-104.0,0,1
York,1:50,West Acre,Darragh Keenan,George Scott,23.0,13.0,4.0,5.5,Class 2,22,24-530,80.0,Active,Good,0m5f89y,0,102.0,0.0,0.0,0.0125,4.382026634673881,-102.0,0,1
York,1:50,Dark Thirty,Jason Hart,John & Sean Quinn,9.0,11.0,6.0,5.5,Class 2,22,102120,29.0,Active,Good,0m5f89y,0,100.0,0.0,0.0,0.034482758620689655,3.367295829986474,-100.0,0,1
York,1:50,Corolla Point,Callum Rodriguez,Edward Bethell,38.0,24.0,4.0,5.5,Class 2,22,1-3321,7.4,Active,Good,0m5f89y,0,100.0,0.0,0.0,0.13513513513513511,2.0014800002101243,-100.0,0,1
York,1:50,Lexington Blitz,Edward Greatrex,Robert Cowell,22.0,9.0,4.0,5.5,Class 2,22,9-3136,12.0,Active,Good,0m5f89y,0,98.0,0.0,0.0,0.08333333333333333,2.4849066497880004,-98.0,0,1
York,1:50,Candy,George Wood,Richard Spencer,17.0,12.0,4.0,5.5,Class 2,22,416-00,46.0,Active,Good,0m5f89y,0,97.0,0.0,0.0,0.021739130434782608,3.828641396489095,-97.0,0,1
York,1:50,Against The Wind,Kevin Stott,Kevin Ryan,5.0,21.0,4.0,5.5,Class 2,22,30-300,150.0,Active,Good,0m5f89y,0,97.0,0.0,0.0,0.006666666666666667,5.0106352940962555,-97.0,0,1
York,1:50,Toca Madera,Daniel Tudhope,David O'Meara,16.0,49.0,5.0,5.5,Class 2,22,316045,8.0,Active,Good,0m5f89y,0,96.0,0.0,0.0,0.125,2.0794415416798357,-96.0,0,1
York,1:50,Trefor,Kieran Shoemark,Charles Hills,24.0,17.0,5.0,5.5,Class 2,22,-04001,28.0,Active,Good,0m5f89y,0,91.0,0.0,0.0,0.03571428571428571,3.332204510175204,-91.0,0,1
York,1:50,Erosandpsyche,Oisin Orr,D J Murphy,0.0,0.0,8.0,5.5,Class 2,22,033825,65.0,Active,Good,0m5f89y,0,95.0,0.0,0.0,0.015384615384615385,4.174387269895637,-95.0,0,1
York,1:50,Naana's Sparkle,Kieran O'Neill,Lemos De Souza,25.0,12.0,4.0,5.5,Class 2,22,6-1412,32.5,Active,Good,0m5f89y,0,95.0,0.0,0.0,0.03076923076923077,3.481240089335692,-95.0,0,1
York,1:50,Spartan Arrow,Luke Morris,Archie Watson,0.0,22.0,6.0,5.5,Class 2,22,788077,65.0,Active,Good,0m5f89y,0,94.0,0.0,0.0,0.015384615384615385,4.174387269895637,-94.0,0,1
York,1:50,Gold Star Hero,Hector Crouch,Michael Bell,5.0,19.0,4.0,5.5,Class 2,22,111502,30.0,Active,Good,0m5f89y,0,94.0,0.0,0.0,0.03333333333333333,3.4011973816621555,-94.0,0,1
York,1:50,Toyotomi,Rossa Ryan,David O'Meara,16.0,49.0,5.0,5.5,Class 2,22,-56310,95.0,Active,Good,0m5f89y,0,94.0,0.0,0.0,0.010526315789473684,4.553876891600541,-94.0,0,1
York,1:50,Apollo One,Colin Keane,P Charalambous & J Clutterbuck,0.0,2.0,8.0,5.5,Class 2,22,293900,21.0,Active,Good,0m5f89y,0,91.0,0.0,0.0,0.047619047619047616,3.044522437723423,-91.0,0,1
York,1:50,Dapper Valley,Tom Marquand,Michael Keady,0.0,11.0,5.0,5.5,Class 2,22,870311,80.0,Active,Good,0m5f89y,0,91.0,0.0,0.0,0.0125,4.382026634673881,-91.0,0,1
York,1:50,Air Force One,P J McDonald,Geoff Oldroyd,0.0,2.0,5.0,5.5,Class 2,22,510533,10.5,Active,Good,0m5f89y,0,91.0,0.0,0.0,0.09523809523809523,2.3513752571634776,-91.0,0,1
York,1:50,Stormy Impact,Warren Fentiman(3),Richard & Peter Fahey,21.0,34.0,4.0,5.5,Class 2,22,6-0450,38.0,Active,Good,0m5f89y,0,89.0,0.0,0.0,0.02631578947368421,3.6375861597263857,-89.0,0,1
York,1:50,The Man,David Egan,Richard Spencer,17.0,12.0,4.0,5.5,Class 2,22,-66600,7.4,Active,Good,0m5f89y,0,89.0,0.0,0.0,0.13513513513513511,2.0014800002101243,-89.0,0,1
York,1:50,Ziggy's Triton,Silvestre De Sousa,David O'Meara,16.0,49.0,4.0,5.5,Class 2,22,707100,55.0,Active,Good,0m5f89y,0,88.0,0.0,0.0,0.01818181818181818,4.007333185232471,-88.0,0,1
York,1:50,Another Baar,M. P. Sheehy,Adrian Keatley,33.0,6.0,6.0,5.5,Class 2,22,000607,140.0,Active,Good,0m5f89y,0,88.0,0.0,0.0,0.007142857142857143,4.941642422609304,-88.0,0,1
York,2:25,Alfred Wallace,Kieran Shoemark,Ed Walker,10.0,41.0,2.0,7.0,Class 1,11,51051,9.2,Active,Good,0m7f0y,0,105.0,0.0,0.0,0.10869565217391305,2.2192034840549946,-105.0,0,1
York,2:25,Big Cigar,Oisin Orr,Richard & Peter Fahey,21.0,34.0,2.0,7.0,Class 1,11,1517,65.0,Active,Good,0m7f0y,0,94.0,0.0,0.0,0.015384615384615385,4.174387269895637,-94.0,0,1
York,2:25,Clash Of Hearts,M. P. Sheehy,Adrian Keatley,33.0,6.0,2.0,7.0,Class 1,11,2318,100.0,Active,Good,0m7f0y,0,83.0,0.0,0.0,0.01,4.605170185988092,-83.0,0,1
York,2:25,Confucius,Wayne Lordan,A P O'Brien,24.0,37.0,2.0,7.0,Class 1,11,21633,14.5,Active,Good,0m7f0y,0,102.0,0.0,0.0,0.06896551724137931,2.6741486494265287,-102.0,0,1
York,2:25,Fuel The Jet,Neil Callan,Tom Clover,25.0,20.0,2.0,7.0,Class 1,11,51,19.0,Active,Good,0m7f0y,0,0.0,0.0,0.0,0.05263157894736842,2.9444389791664403,0.0,0,0
York,2:25,Gentle Hurricane,Oisin Murphy,Andrew Balding,12.0,49.0,2.0,7.0,Class 1,11,1,7.6,Active,Good,0m7f0y,0,0.0,0.0,0.0,0.13157894736842105,2.028148247292285,0.0,0,0
York,2:25,Haffner,Ryan Moore,A P O'Brien,24.0,37.0,2.0,7.0,Class 1,11,212,2.58,Active,Good,0m7f0y,0,108.0,0.0,0.0,0.38759689922480617,0.9477893989335261,-108.0,0,1
York,2:25,Siouxperb,Hector Crouch,Archie Watson,0.0,22.0,2.0,7.0,Class 1,11,102,85.0,Active,Good,0m7f0y,0,89.0,0.0,0.0,0.011764705882352941,4.442651256490317,-89.0,0,1
York,2:25,Stardom Glory,James Doyle,Hugo Palmer,4.0,24.0,2.0,7.0,Class 1,11,221,22.0,Active,Good,0m7f0y,0,89.0,0.0,0.0,0.045454545454545456,3.091042453358316,-89.0,0,1
York,2:25,Trean,W J Lee,P Twomey,8.0,12.0,2.0,7.0,Class 1,11,301,6.4,Active,Good,0m7f0y,0,0.0,0.0,0.0,0.15625,1.8562979903656263,0.0,0,0
York,2:25,Vega King,Clifford Lee,K. R. Burke,21.0,28.0,2.0,7.0,Class 1,11,41,26.0,Active,Good,0m7f0y,0,92.0,0.0,0.0,0.038461538461538464,3.258096538021482,-92.0,0,1
York,3:00,Christmas Day,Ryan Moore,A P O'Brien,24.0,37.0,3.0,12.0,Class 1,6,1-1312,3.5,Active,Good,1m3f188y,0,118.0,0.0,0.0,0.2857142857142857,1.252762968495368,-118.0,0,1
York,3:00,Maltese Cross,Tom Marquand,William Haggas,16.0,37.0,3.0,12.0,Class 1,6,1-1121,3.45,Active,Good,1m3f188y,0,115.0,0.0,0.0,0.2898550724637681,1.2383742310432684,-115.0,0,1
York,3:00,Antigua,Ronan Whelan,A P O'Brien,24.0,37.0,3.0,12.0,Class 1,6,0-4410,150.0,Active,Good,1m3f188y,0,87.0,0.0,0.0,0.006666666666666667,5.0106352940962555,-87.0,0,1
York,3:00,Galiyan,Oisin Murphy,Andrew Balding,12.0,49.0,3.0,12.0,Class 1,6,4162,14.5,Active,Good,1m3f188y,0,106.0,0.0,0.0,0.06896551724137931,2.6741486494265287,-106.0,0,1
York,3:00,Pierre Bonnard,Wayne Lordan,A P O'Brien,24.0,37.0,3.0,12.0,Class 1,6,1-7273,4.0,Active,Good,1m3f188y,0,116.0,0.0,0.0,0.25,1.3862943611198906,-116.0,0,1
York,3:00,Superior Choice,Shane Foley,John & Thady Gosden,25.0,16.0,3.0,12.0,Class 1,6,4-111,8.4,Active,Good,1m3f188y,0,104.0,0.0,0.0,0.11904761904761904,2.128231705849268,-104.0,0,1
York,3:35,Almaqam,Kieran Shoemark,Ed Walker,10.0,41.0,5.0,10.5,Class 1,9,233-14,23.0,Active,Good,1m2f56y,0,122.0,0.0,0.0,0.043478260869565216,3.1354942159291497,-122.0,0,1
York,3:35,Devil's Advocate,Robert Havlin,John & Thady Gosden,25.0,16.0,4.0,10.5,Class 1,9,17-247,7.5,Active,Good,1m2f56y,0,109.0,0.0,0.0,0.13333333333333333,2.0149030205422647,-109.0,0,1
York,3:35,Ombudsman,William Buick,John & Thady Gosden,25.0,16.0,5.0,10.5,Class 1,9,12-111,2.22,Active,Good,1m2f56y,0,132.0,0.0,0.0,0.4504504504504504,0.7975071958841882,-132.0,0,1
York,3:35,Pride Of Arras,Rossa Ryan,Ralph Beckett,24.0,33.0,4.0,10.5,Class 1,9,014-82,80.0,Active,Good,1m2f56y,0,114.0,0.0,0.0,0.0125,4.382026634673881,-114.0,0,1
York,3:35,Zaydann,Mickael Barzalona,F-H Graffard,31.0,36.0,4.0,10.5,Class 1,9,111-11,38.0,Active,Good,1m2f56y,0,111.0,0.0,0.0,0.02631578947368421,3.6375861597263857,-111.0,0,1
York,3:35,Action,Ronan Whelan,A P O'Brien,24.0,37.0,3.0,10.5,Class 1,9,-42076,300.0,Active,Good,1m2f56y,0,111.0,0.0,0.0,0.0033333333333333335,5.703782474656201,-111.0,0,1
York,3:35,Constitution River,Ryan Moore,A P O'Brien,24.0,37.0,3.0,10.5,Class 1,9,11-111,2.86,Active,Good,1m2f56y,0,124.0,0.0,0.0,0.3496503496503497,1.0508216248317612,-124.0,0,1
York,3:35,Hawk Mountain,Wayne Lordan,A P O'Brien,24.0,37.0,3.0,10.5,Class 1,9,11-123,30.0,Active,Good,1m2f56y,0,117.0,0.0,0.0,0.03333333333333333,3.4011973816621555,-117.0,0,1
York,3:35,Item,Colin Keane,Andrew Balding,12.0,49.0,3.0,10.5,Class 1,9,11-191,10.5,Active,Good,1m2f56y,0,122.0,0.0,0.0,0.09523809523809523,2.3513752571634776,-122.0,0,1
York,4:10,Duke Of Oxford,Hector Crouch,Michael Bell,5.0,19.0,6.0,16.5,Class 2,17,-15760,230.0,Active,Good,2m0f56y,0,102.0,0.0,0.0,0.004347826086956522,5.438079308923196,-102.0,0,1
York,4:10,Prydwen,Daniel Tudhope,George Scott,23.0,13.0,8.0,16.5,Class 2,17,682157,80.0,Active,Good,2m0f56y,0,102.0,0.0,0.0,0.0125,4.382026634673881,-102.0,0,1
York,4:10,Kirchner,Ryan Moore,James Owen,24.0,41.0,4.0,16.5,Class 2,17,4-7521,6.4,Active,Good,2m0f56y,0,97.0,0.0,0.0,0.15625,1.8562979903656263,-97.0,0,1
York,4:10,Small Fry,Dylan Browne McMonagle,Joseph Patrick O'Brien,10.0,59.0,5.0,16.5,Class 2,17,199-62,3.8,Active,Good,2m0f56y,0,96.0,0.0,0.0,0.2631578947368421,1.33500106673234,-96.0,0,1
York,4:10,Valedictory,William Buick,John & Thady Gosden,25.0,16.0,4.0,16.5,Class 2,17,-26115,6.6,Active,Good,2m0f56y,0,95.0,0.0,0.0,0.15151515151515152,1.8870696490323797,-95.0,0,1
York,4:10,Mordor,Jamie Spencer,Gordon Elliott,11.0,35.0,6.0,16.5,Class 2,17,20-130,70.0,Active,Good,2m0f56y,0,94.0,0.0,0.0,0.014285714285714285,4.248495242049359,-94.0,0,1
York,4:10,Team Player,Greg Fairley,Ewan Whillans,10.0,10.0,4.0,16.5,Class 2,17,-11592,16.5,Active,Good,2m0f56y,0,94.0,0.0,0.0,0.06060606060606061,2.803360380906535,-94.0,0,1
York,4:10,Manxman,James Doyle,Simon & Ed Crisford,35.0,26.0,6.0,16.5,Class 2,17,21003-,22.0,Active,Good,2m0f56y,0,93.0,0.0,0.0,0.045454545454545456,3.091042453358316,-93.0,0,1
York,4:10,In The Breeze,Colin Keane,Henrietta C Knight,50.0,2.0,8.0,16.5,Class 2,17,47-101,42.0,Active,Good,2m0f56y,0,93.0,0.0,0.0,0.023809523809523808,3.7376696182833684,-93.0,0,1
York,4:10,Boatswain,Callum Rodriguez,Simon & Ed Crisford,35.0,26.0,4.0,16.5,Class 2,17,8-0371,29.0,Active,Good,2m0f56y,0,92.0,0.0,0.0,0.034482758620689655,3.367295829986474,-92.0,0,1
York,4:10,Westminster Moon,Robbie Colgan,A J Martin,0.0,4.0,6.0,16.5,Class 2,17,-07100,48.0,Active,Good,2m0f56y,0,91.0,0.0,0.0,0.020833333333333332,3.871201010907891,-91.0,0,1
York,4:10,Shrimp Shady,Rob Hornby,Andrew Balding,12.0,49.0,4.0,16.5,Class 2,17,121612,15.0,Active,Good,2m0f56y,0,91.0,0.0,0.0,0.06666666666666667,2.70805020110221,-91.0,0,1
York,4:10,Kilmeaden,Clifford Lee,Faye Bramley,17.0,6.0,4.0,16.5,Class 2,17,2-7359,40.0,Active,Good,2m0f56y,0,90.0,0.0,0.0,0.025,3.6888794541139363,-90.0,0,1
York,4:10,Ghaiyya,Rossa Ryan,Charlie Johnston,15.0,34.0,4.0,16.5,Class 2,17,124862,44.0,Active,Good,2m0f56y,0,90.0,0.0,0.0,0.022727272727272728,3.784189633918261,-90.0,0,1
York,4:10,Fireblade,Kieran Shoemark,Dylan Cunha,23.0,22.0,5.0,16.5,Class 2,17,0-4423,32.0,Active,Good,2m0f56y,0,89.0,0.0,0.0,0.03125,3.4657359027997265,-89.0,0,1
York,4:10,Ride The Thunder,Ray Dawson,Roger Varian,24.0,21.0,4.0,16.5,Class 2,17,42-363,14.0,Active,Good,2m0f56y,0,89.0,0.0,0.0,0.07142857142857142,2.6390573296152584,-89.0,0,1
York,4:10,Mountain Road,Lauren Young(5),Jim Goldie,11.0,37.0,7.0,16.5,Class 2,17,/43513,24.0,Active,Good,2m0f56y,0,88.0,0.0,0.0,0.041666666666666664,3.1780538303479458,-88.0,0,1
York,4:45,Naana's Shadow,Oisin Murphy,Katie Scott,7.0,14.0,3.0,5.0,Class 2,19,131191,5.0,Active,Good,0m5f0y,0,102.0,0.0,0.0,0.2,1.6094379124341003,-102.0,0,1
York,4:45,Poatan,David Egan,George Scott,23.0,13.0,3.0,5.0,Class 2,19,3513-3,15.5,Active,Good,0m5f0y,0,99.0,0.0,0.0,0.06451612903225806,2.740840023925201,-99.0,0,1
York,4:45,Revival Power,Colin Keane,Tim Easterby,6.0,81.0,3.0,5.0,Class 2,19,15-700,40.0,Active,Good,0m5f0y,0,95.0,0.0,0.0,0.025,3.6888794541139363,-95.0,0,1
York,4:45,Baker Blue,Callum Rodriguez,Dylan Cunha,23.0,22.0,3.0,5.0,Class 2,19,100263,24.0,Active,Good,0m5f0y,0,94.0,0.0,0.0,0.041666666666666664,3.1780538303479458,-94.0,0,1
York,4:45,Schrodinger's Cat,Oliver Stammers,Grant Tuer,11.0,9.0,3.0,5.0,Class 2,19,831265,15.0,Active,Good,0m5f0y,0,94.0,0.0,0.0,0.06666666666666667,2.70805020110221,-94.0,0,1
York,4:45,Manatee Mehmas,Daniel Tudhope,David O'Meara,16.0,49.0,3.0,5.0,Class 2,19,14834,10.0,Active,Good,0m5f0y,0,92.0,0.0,0.0,0.1,2.302585092994046,-92.0,0,1
York,4:45,Black Star Boy,Kieran Shoemark,Ed Walker,10.0,41.0,3.0,5.0,Class 2,19,18-160,19.5,Active,Good,0m5f0y,0,92.0,0.0,0.0,0.05128205128205128,2.970414465569701,-92.0,0,1
York,4:45,Miss Yechance,Jack Nicholls(3),K. R. Burke,21.0,28.0,3.0,5.0,Class 2,19,154273,10.5,Active,Good,0m5f0y,0,90.0,0.0,0.0,0.09523809523809523,2.3513752571634776,-90.0,0,1
York,4:45,Tricky Tel,Jason Hart,Hugo Palmer,4.0,24.0,3.0,5.0,Class 2,19,-31102,60.0,Active,Good,0m5f0y,0,89.0,0.0,0.0,0.016666666666666666,4.0943445622221,-89.0,0,1
York,4:45,Zain Primus,Ray Dawson,John Butler,27.0,26.0,3.0,5.0,Class 2,19,311,14.5,Active,Good,0m5f0y,0,88.0,0.0,0.0,0.06896551724137931,2.6741486494265287,-88.0,0,1
York,4:45,Stargazed,Warren Fentiman(3),K. R. Burke,21.0,28.0,3.0,5.0,Class 2,19,5-2087,30.0,Active,Good,0m5f0y,0,86.0,0.0,0.0,0.03333333333333333,3.4011973816621555,-86.0,0,1
York,4:45,One And Gone,Kieran O'Neill,Ian Williams,6.0,35.0,3.0,5.0,Class 2,19,401107,110.0,Active,Good,0m5f0y,0,85.0,0.0,0.0,0.00909090909090909,4.700480365792417,-85.0,0,1
York,4:45,Old Is Gold,Saffie Osborne,Andrew Balding,12.0,49.0,3.0,5.0,Class 2,19,830-60,16.0,Active,Good,0m5f0y,0,84.0,0.0,0.0,0.0625,2.772588722239781,-84.0,0,1
York,4:45,Shes Got A Brother,Joanna Mason,Michael & David Easterby,9.0,35.0,3.0,5.0,Class 2,19,114350,13.5,Active,Good,0m5f0y,0,84.0,0.0,0.0,0.07407407407407407,2.6026896854443837,-84.0,0,1
York,4:45,Underwriter,Luke Morris,Michael Keady,0.0,11.0,3.0,5.0,Class 2,19,9-8004,15.0,Active,Good,0m5f0y,0,84.0,0.0,0.0,0.06666666666666667,2.70805020110221,-84.0,0,1
York,4:45,Mighty Magnus,Cam Hardie,Michael Dods,9.0,23.0,3.0,5.0,Class 2,19,031535,48.0,Active,Good,0m5f0y,0,83.0,0.0,0.0,0.020833333333333332,3.871201010907891,-83.0,0,1
York,4:45,Dolos Dream,Silvestre De Sousa,Ivan Furtado,6.0,16.0,3.0,5.0,Class 2,19,13-152,24.0,Active,Good,0m5f0y,0,81.0,0.0,0.0,0.041666666666666664,3.1780538303479458,-81.0,0,1
York,4:45,Boston Dan,Duran Fentiman,Tim Easterby,6.0,81.0,3.0,5.0,Class 2,19,900047,100.0,Active,Good,0m5f0y,0,80.0,0.0,0.0,0.01,4.605170185988092,-80.0,0,1
York,4:45,Call Margot,Connor Planas,Gemma Tutty,7.0,15.0,3.0,5.0,Class 2,19,217260,60.0,Active,Good,0m5f0y,0,79.0,0.0,0.0,0.016666666666666666,4.0943445622221,-79.0,0,1
York,5:20,Ruler's Pride,James Doyle,K. R. Burke,21.0,28.0,2.0,6.0,Class 2,22,107,5.0,Active,Good,0m6f0y,0,93.0,0.0,0.0,0.2,1.6094379124341003,-93.0,0,1
York,5:20,Havana Sprite,Hector Crouch,James Tate,27.0,15.0,2.0,6.0,Class 2,22,42111,11.0,Active,Good,0m6f0y,0,92.0,0.0,0.0,0.09090909090909091,2.3978952727983707,-92.0,0,1
York,5:20,Crystal Queen,Warren Fentiman(3),Richard & Peter Fahey,21.0,34.0,2.0,6.0,Class 2,22,210,26.0,Active,Good,0m6f0y,0,89.0,0.0,0.0,0.038461538461538464,3.258096538021482,-89.0,0,1
York,5:20,God Given Talent,Tom Marquand,William Haggas,16.0,37.0,2.0,6.0,Class 2,22,106,18.0,Active,Good,0m6f0y,0,89.0,0.0,0.0,0.05555555555555555,2.8903717578961645,-89.0,0,1
York,5:20,Dubai Champion,Ryan Moore,Ben Haslam,9.0,11.0,2.0,6.0,Class 2,22,4312,7.8,Active,Good,0m6f0y,0,87.0,0.0,0.0,0.12820512820512822,2.0541237336955462,-87.0,0,1
York,5:20,Savage Mariner,Colin Keane,Hugo Palmer,4.0,24.0,2.0,6.0,Class 2,22,200,48.0,Active,Good,0m6f0y,0,87.0,0.0,0.0,0.020833333333333332,3.871201010907891,-87.0,0,1
York,5:20,Persian Spring,Pat Dobbs,Richard Hannon,6.0,53.0,2.0,6.0,Class 2,22,5100,20.0,Active,Good,0m6f0y,0,86.0,0.0,0.0,0.05,2.995732273553991,-86.0,0,1
York,5:20,Sovereign Glory,Kieran Shoemark,Charles Hills,24.0,17.0,2.0,6.0,Class 2,22,3104,24.0,Active,Good,0m6f0y,0,86.0,0.0,0.0,0.041666666666666664,3.1780538303479458,-86.0,0,1
York,5:20,Underdog,Saffie Osborne,Richard Spencer,17.0,12.0,2.0,6.0,Class 2,22,1050,46.0,Active,Good,0m6f0y,0,85.0,0.0,0.0,0.021739130434782608,3.828641396489095,-85.0,0,1
York,5:20,Jumeirah Storm,Neil Callan,William Knight,0.0,13.0,2.0,6.0,Class 2,22,412,36.0,Active,Good,0m6f0y,0,84.0,0.0,0.0,0.027777777777777776,3.58351893845611,-84.0,0,1
York,5:20,Peaceful Warrior,Jamie Spencer,Kevin Ryan,5.0,21.0,2.0,6.0,Class 2,22,14,34.0,Active,Good,0m6f0y,0,84.0,0.0,0.0,0.029411764705882353,3.5263605246161616,-84.0,0,1
York,5:20,Elevating,Joe Leavy,Richard Hannon,6.0,53.0,2.0,6.0,Class 2,22,2915,40.0,Active,Good,0m6f0y,0,84.0,0.0,0.0,0.025,3.6888794541139363,-84.0,0,1
York,5:20,Towelontheterrace,Jason Hart,Jennie Candlish,38.0,8.0,2.0,6.0,Class 2,22,314,75.0,Active,Good,0m6f0y,0,83.0,0.0,0.0,0.013333333333333334,4.31748811353631,-83.0,0,1
York,5:20,The Dancing Pirate,Oisin Murphy,Andrew Balding,12.0,49.0,2.0,6.0,Class 2,22,4427,5.0,Active,Good,0m6f0y,0,83.0,0.0,0.0,0.2,1.6094379124341003,-83.0,0,1
York,5:20,Rlasthope,Ray Dawson,Tony Coyle & Kaine Wood,13.0,8.0,2.0,6.0,Class 2,22,52331,65.0,Active,Good,0m6f0y,0,80.0,0.0,0.0,0.015384615384615385,4.174387269895637,-80.0,0,1
York,5:20,Henley On Thames,David Egan,Kevin Philippart De Foy,0.0,10.0,2.0,6.0,Class 2,22,6221,7.6,Active,Good,0m6f0y,0,79.0,0.0,0.0,0.13157894736842105,2.028148247292285,-79.0,0,1
York,5:20,Super Tuscan,Oliver Carmichael(7),Eve Johnson Houghton,10.0,41.0,2.0,6.0,Class 2,22,54156,22.0,Active,Good,0m6f0y,0,79.0,0.0,0.0,0.045454545454545456,3.091042453358316,-79.0,0,1
York,5:20,Note To Self,Shane Foley,John & Thady Gosden,25.0,16.0,2.0,6.0,Class 2,22,5723,40.0,Active,Good,0m6f0y,0,79.0,0.0,0.0,0.025,3.6888794541139363,-79.0,0,1
York,5:20,Fantasy Force,Silvestre De Sousa,Adrian Keatley,33.0,6.0,2.0,6.0,Class 2,22,350,30.0,Active,Good,0m6f0y,0,77.0,0.0,0.0,0.03333333333333333,3.4011973816621555,-77.0,0,1
York,5:20,Bear Lee,Joanna Mason,Michael & David Easterby,9.0,35.0,2.0,6.0,Class 2,22,414,60.0,Active,Good,0m6f0y,0,76.0,0.0,0.0,0.016666666666666666,4.0943445622221,-76.0,0,1
York,5:20,Sue's Last Chance,Cam Hardie,Richard & Peter Fahey,21.0,34.0,2.0,6.0,Class 2,22,658,55.0,Active,Good,0m6f0y,0,75.0,0.0,0.0,0.01818181818181818,4.007333185232471,-75.0,0,1
York,5:20,Brandenburg,Luke Morris,Ann Duffield,100.0,1.0,2.0,6.0,Class 2,22,0121,48.0,Active,Good,0m6f0y,0,75.0,0.0,0.0,0.020833333333333332,3.871201010907891,-75.0,0,1
Sligo,5:07,Belladaball,Keith Donoghue,Gavin Cromwell,31.0,16.0,5.0,17.5,,9,410-4F,7.4,Active,Good,2m1f111y,0,0.0,0.0,0.0,0.13513513513513511,2.0014800002101243,0.0,0,0
Sligo,5:07,Cotswold Blue,Mr P W Mullins,W P Mullins,42.0,26.0,6.0,17.5,,9,221,1.4,Active,Good,2m1f111y,0,0.0,0.0,0.0,0.7142857142857143,0.3364722366212129,0.0,0,0
Sligo,5:07,Searcog,Eoin Walsh,Patrick Magee,9.0,11.0,4.0,17.5,,9,465-42,8.0,Active,Good,2m1f111y,0,105.0,0.0,0.0,0.125,2.0794415416798357,-105.0,0,1
Sligo,5:07,Carleys Lilly,Daniel King,John Patrick Ryan,0.0,16.0,5.0,17.5,,9,4935,10.5,Active,Good,2m1f111y,0,0.0,0.0,0.0,0.09523809523809523,2.3513752571634776,0.0,0,0
Sligo,5:07,Granny For Sport,Danny Gilligan,Ross O'Sullivan,8.0,12.0,5.0,17.5,,9,,21.0,Active,Good,2m1f111y,0,0.0,0.0,0.0,0.047619047619047616,3.044522437723423,0.0,0,0
Sligo,5:07,Jolly D'olivate,Shane O'Callaghan(3),P J Rothwell,7.0,27.0,7.0,17.5,,9,PP-890,17.5,Active,Good,2m1f111y,0,0.0,0.0,0.0,0.05714285714285714,2.8622008809294686,0.0,0,0
Sligo,5:07,Nelliestar,Paddy Cleary(7),Thomas Patrick McGettigan,0.0,3.0,6.0,17.5,,9,0,16.0,Active,Good,2m1f111y,0,0.0,0.0,0.0,0.0625,2.772588722239781,0.0,0,0
Sligo,5:07,Tubberfinn Lassie,Eoghan Finegan(5),John G Carr,17.0,6.0,8.0,17.5,,9,PP-7,16.0,Active,Good,2m1f111y,0,0.0,0.0,0.0,0.0625,2.772588722239781,0.0,0,0
Sligo,5:07,Moonwing,John Shinnick,Paul John Gilligan,0.0,6.0,4.0,17.5,,9,00,16.0,Active,Good,2m1f111y,0,0.0,0.0,0.0,0.0625,2.772588722239781,0.0,0,0
Sligo,5:42,Fremantle Doctor,Patrick M O'Brien(5),John C McConnell,11.0,27.0,8.0,17.5,,13,7390-2,3.9,Active,Good,2m1f111y,0,99.0,0.0,0.0,0.25641025641025644,1.3609765531356006,-99.0,0,1
Sligo,5:42,William F Browne,Josh Williamson(3),Paul W Flynn,0.0,24.0,4.0,17.5,,13,7R56,8.4,Active,Good,2m1f111y,0,99.0,0.0,0.0,0.11904761904761904,2.128231705849268,-99.0,0,1
Sligo,5:42,Alentejo,Alan King(7),Mark Michael McNiff,0.0,6.0,5.0,17.5,,13,890P,11.0,Active,Good,2m1f111y,0,94.0,0.0,0.0,0.09090909090909091,2.3978952727983707,-94.0,0,1
Sligo,5:42,Tradonthebay,Danny Gilligan,Paul John Gilligan,0.0,6.0,5.0,17.5,,13,-25539,3.95,Active,Good,2m1f111y,0,93.0,0.0,0.0,0.2531645569620253,1.3737155789130306,-93.0,0,1
Sligo,5:42,High Honour,P J O'Hanlon,Donal Kinsella,0.0,2.0,6.0,17.5,,13,03/4P-,9.8,Active,Good,2m1f111y,0,92.0,0.0,0.0,0.1020408163265306,2.2823823856765264,-92.0,0,1
Sligo,5:42,Bowgate Street,Darragh O'Keeffe,M Flannery,0.0,0.0,7.0,17.5,,13,-18027,4.8,Active,Good,2m1f111y,0,91.0,0.0,0.0,0.20833333333333334,1.5686159179138452,-91.0,0,1
Sligo,5:42,Urban War,Harry Sexton(7),John Joseph Hanlon,0.0,20.0,8.0,17.5,,13,700-00,12.5,Active,Good,2m1f111y,0,88.0,0.0,0.0,0.08,2.5257286443082556,-88.0,0,1
Sligo,5:42,Tomas O Maille,Jack Gilligan(5),M Flannery,0.0,0.0,9.0,17.5,,13,0-9P9P,16.5,Active,Good,2m1f111y,0,87.0,0.0,0.0,0.06060606060606061,2.803360380906535,-87.0,0,1
Sligo,5:42,Calm Flight Ahead,Conor Clarke(7),P J Rothwell,7.0,27.0,5.0,17.5,,13,0000-P,16.5,Active,Good,2m1f111y,0,79.0,0.0,0.0,0.06060606060606061,2.803360380906535,-79.0,0,1
Sligo,5:42,Invincible Oscar,Simon Torrens,Noel C Kelly,13.0,8.0,5.0,17.5,,13,00P80-,11.5,Active,Good,2m1f111y,0,79.0,0.0,0.0,0.08695652173913043,2.4423470353692043,-79.0,0,1
Sligo,5:42,Granlahan,Daniel King,Adrian McGuinness,19.0,26.0,4.0,17.5,,13,33U362,3.55,Active,Good,2m1f111y,0,81.0,0.0,0.0,0.28169014084507044,1.2669476034873244,-81.0,0,1
Sligo,5:42,Tasmanian Girl,Kevin Healy(7),Declan Queally,40.0,10.0,6.0,17.5,,13,60-P96,6.0,Active,Good,2m1f111y,0,78.0,0.0,0.0,0.16666666666666666,1.791759469228055,-78.0,0,1
Sligo,5:42,Wings Of Africa,Ben Kennedy(7),W J Lanigan,0.0,4.0,5.0,17.5,,13,P-068P,15.5,Active,Good,2m1f111y,0,72.0,0.0,0.0,0.06451612903225806,2.740840023925201,-72.0,0,1
Sligo,6:17,Godsend,Danny Gilligan,Cian Collins,0.0,9.0,5.0,20.5,,8,0,6.6,Active,Good,2m4f107y,0,0.0,0.0,0.0,0.15151515151515152,1.8870696490323797,0.0,0,0
Sligo,6:17,Mindyourheadmike,Eoghan Finegan(5),Ciaran Murphy,23.0,13.0,5.0,20.5,,8,P0-15,3.9,Active,Good,2m4f107y,0,0.0,0.0,0.0,0.25641025641025644,1.3609765531356006,0.0,0,0
Sligo,6:17,Discrete,Shane Fitzgerald,Mrs Grainne M O'Connor,0.0,1.0,5.0,20.5,,8,FP-607,15.5,Active,Good,2m4f107y,0,0.0,0.0,0.0,0.06451612903225806,2.740840023925201,0.0,0,0
Sligo,6:17,Go To The Moon,G B Noonan,Mark Michael McNiff,0.0,6.0,6.0,20.5,,8,P1/07,17.0,Active,Good,2m4f107y,0,0.0,0.0,0.0,0.058823529411764705,2.833213344056216,0.0,0,0
Sligo,6:17,Lengaruka,John Shinnick,Mrs Lorna Fowler,0.0,2.0,5.0,20.5,,8,05,7.0,Active,Good,2m4f107y,0,0.0,0.0,0.0,0.14285714285714285,1.9459101490553132,0.0,0,0
Sligo,6:17,Seven Towers,Keith Donoghue,Gavin Cromwell,31.0,16.0,5.0,20.5,,8,63-339,3.15,Active,Good,2m4f107y,0,0.0,0.0,0.0,0.31746031746031744,1.1474024528375417,0.0,0,0
Sligo,6:17,Hadahi,Simon Torrens,Noel C Kelly,13.0,8.0,4.0,20.5,,8,5U5-3,13.0,Active,Good,2m4f107y,0,0.0,0.0,0.0,0.07692307692307693,2.5649493574615367,0.0,0,0
Sligo,6:17,Kisuton Enki,Jack Kennedy,Gordon Elliott,11.0,35.0,6.0,20.5,,8,0/2-26,2.9,Active,Good,2m4f107y,0,0.0,0.0,0.0,0.3448275862068966,1.0647107369924282,0.0,0,0
Sligo,6:48,Wild Mandate,Alan King(7),Mark Michael McNiff,0.0,6.0,7.0,20.5,,17,20-51P,7.2,Active,Good,2m4f107y,0,96.0,0.0,0.0,0.1388888888888889,1.9740810260220096,-96.0,0,1
Sligo,6:48,Laska Du Breuil,Keith Donoghue,Gavin Cromwell,31.0,16.0,5.0,20.5,,17,696P-1,6.0,Active,Good,2m4f107y,0,94.0,0.0,0.0,0.16666666666666666,1.791759469228055,-94.0,0,1
Sligo,6:48,Phoenix Arizona,Thomas O'Connor(7),John J Cullen,0.0,2.0,7.0,20.5,,17,-00432,5.4,Active,Good,2m4f107y,0,94.0,0.0,0.0,0.18518518518518517,1.6863989535702288,-94.0,0,1
Sligo,6:48,Georginas Jet,Jack Gilligan(5),Paul John Gilligan,0.0,6.0,5.0,20.5,,17,-91493,3.55,Active,Good,2m4f107y,0,88.0,0.0,0.0,0.28169014084507044,1.2669476034873244,-88.0,0,1
Sligo,6:48,Love Like This,Brian Barry(7),John Patrick Ryan,0.0,16.0,8.0,20.5,,17,314304,9.4,Active,Good,2m4f107y,0,88.0,0.0,0.0,0.10638297872340426,2.2407096892759584,-88.0,0,1
Sligo,6:48,Ranting And Raven,Conor Stone-Walsh,Gavin Cromwell,31.0,16.0,4.0,20.5,,17,60-697,12.0,Active,Good,2m4f107y,0,88.0,0.0,0.0,0.08333333333333333,2.4849066497880004,-88.0,0,1
Sligo,6:48,Beacon Bypass,Mr B Mulligan(7),Paul Mulligan,0.0,1.0,4.0,20.5,,17,6-0908,21.0,Active,Good,2m4f107y,0,86.0,0.0,0.0,0.047619047619047616,3.044522437723423,-86.0,0,1
Sligo,6:48,Sekakarma,Harry Sexton(7),W M Roper,0.0,2.0,9.0,20.5,,17,P-5942,7.8,Active,Good,2m4f107y,0,82.0,0.0,0.0,0.12820512820512822,2.0541237336955462,-82.0,0,1
Sligo,6:48,Katie's Casper,Patrick M O'Brien(5),Dermot A McLoughlin,14.0,7.0,7.0,20.5,,17,-95250,25.0,Active,Good,2m4f107y,0,80.0,0.0,0.0,0.04,3.2188758248682006,-80.0,0,1
Sligo,6:48,Mother Ship,Darragh O'Keeffe,John Joseph Hanlon,0.0,20.0,6.0,20.5,,17,5-8807,18.5,Active,Good,2m4f107y,0,79.0,0.0,0.0,0.05405405405405406,2.917770732084279,-79.0,0,1
Sligo,6:48,Gortmore Lady,Kevin Healy(7),Ciaran Murphy,23.0,13.0,6.0,20.5,,17,P-B937,12.0,Active,Good,2m4f107y,0,78.0,0.0,0.0,0.08333333333333333,2.4849066497880004,-78.0,0,1
Sligo,6:48,Clever Court,Shane O'Callaghan(3),P J Rothwell,7.0,27.0,5.0,20.5,,17,-PP179,32.5,Active,Good,2m4f107y,0,77.0,0.0,0.0,0.03076923076923077,3.481240089335692,-77.0,0,1
Sligo,6:48,El Arco,Josh Williamson(3),Gordon Elliott,11.0,35.0,5.0,20.5,,17,08795-,10.5,Active,Good,2m4f107y,0,74.0,0.0,0.0,0.09523809523809523,2.3513752571634776,-74.0,0,1
Sligo,6:48,Move It On Over,Philip Byrnes,John F O'Neill,0.0,0.0,5.0,20.5,,17,-080U4,16.5,Active,Good,2m4f107y,0,74.0,0.0,0.0,0.06060606060606061,2.803360380906535,-74.0,0,1
Sligo,6:48,Glaoinn An Airgead,Daniel King,James M Barcoe,0.0,5.0,8.0,20.5,,17,F0-0P0,16.5,Active,Good,2m4f107y,0,72.0,0.0,0.0,0.06060606060606061,2.803360380906535,-72.0,0,1
Sligo,6:48,Max Time,Joshua Halford(7),I Madden,0.0,1.0,9.0,20.5,,17,-PP04P,11.5,Active,Good,2m4f107y,0,72.0,0.0,0.0,0.08695652173913043,2.4423470353692043,-72.0,0,1
Sligo,6:48,Hob's Angel,,James M Barcoe,0.0,5.0,10.0,20.5,,17,-12536,45.0,Active,Good,2m4f107y,0,77.0,0.0,0.0,0.022222222222222223,3.8066624897703196,-77.0,0,1
Sligo,6:48,Firstupbestdressed,,Gary McGill,0.0,0.0,6.0,20.5,,17,UU4-30,11.5,Active,Good,2m4f107y,0,80.0,0.0,0.0,0.08695652173913043,2.4423470353692043,-80.0,0,1
Sligo,7:18,In For The Night,Charlie O'Dwyer(3),Conor O'Dwyer,0.0,4.0,8.0,20.5,,11,008-71,6.2,Active,Good,2m4f148y,0,114.0,0.0,0.0,0.16129032258064516,1.824549292051046,-114.0,0,1
Sligo,7:18,In The Minus,Shane Fitzgerald,Brian Francis Cawley,100.0,1.0,4.0,20.5,,11,55-501,6.2,Active,Good,2m4f148y,0,115.0,0.0,0.0,0.16129032258064516,1.824549292051046,-115.0,0,1
Sligo,7:18,Drombane,Brian Hayes,W P Mullins,42.0,26.0,6.0,20.5,,11,024-20,3.5,Active,Good,2m4f148y,0,108.0,0.0,0.0,0.2857142857142857,1.252762968495368,-108.0,0,1
Sligo,7:18,Harpy Eagle,Paddy Cody(7),R P Cody,14.0,7.0,5.0,20.5,,11,40-661,6.8,Active,Good,2m4f148y,0,105.0,0.0,0.0,0.14705882352941177,1.916922612182061,-105.0,0,1
Sligo,7:18,Tangara Bay,Sam Ewing,Peter Fahey,0.0,5.0,6.0,20.5,,11,/451-0,5.7,Active,Good,2m4f148y,0,104.0,0.0,0.0,0.17543859649122806,1.7404661748405046,-104.0,0,1
Sligo,7:18,Bossy Bird,Harry Sexton(7),Thomas Gibney,0.0,3.0,6.0,20.5,,11,88-425,5.3,Active,Good,2m4f148y,0,103.0,0.0,0.0,0.18867924528301888,1.667706820558076,-103.0,0,1
Sligo,7:18,Crystabel,Daniel King,John Patrick Ryan,0.0,16.0,5.0,20.5,,11,336135,5.7,Active,Good,2m4f148y,0,102.0,0.0,0.0,0.17543859649122806,1.7404661748405046,-102.0,0,1
Sligo,7:18,Coolboy Christy,Conor Clarke(7),P J Rothwell,7.0,27.0,5.0,20.5,,11,-48450,7.0,Active,Good,2m4f148y,0,96.0,0.0,0.0,0.14285714285714285,1.9459101490553132,-96.0,0,1
Sligo,7:18,Midnight Eagle,Darragh O'Keeffe,Andrew McNamara,0.0,4.0,6.0,20.5,,11,0-3023,4.1,Active,Good,2m4f148y,0,96.0,0.0,0.0,0.24390243902439027,1.410986973710262,-96.0,0,1
Sligo,7:18,Ladiam,Alan O'Sullivan(5),Norman Lee,50.0,2.0,9.0,20.5,,11,7-5534,4.7,Active,Good,2m4f148y,0,92.0,0.0,0.0,0.2127659574468085,1.547562508716013,-92.0,0,1
Sligo,7:18,Dream Shaper,Joshua Halford(7),I Madden,0.0,1.0,7.0,20.5,,11,F9-318,7.4,Active,Good,2m4f148y,0,91.0,0.0,0.0,0.13513513513513511,2.0014800002101243,-91.0,0,1
Sligo,7:48,Ringdufferin,Calum Hogan(2),A L T Moore,0.0,0.0,8.0,25.5,,12,04-826,5.3,Active,Good,3m1f118y,0,109.0,0.0,0.0,0.18867924528301888,1.667706820558076,-109.0,0,1
Sligo,7:48,Luck Between Us,Niall Moore(2),Donncha Duggan,33.0,3.0,6.0,25.5,,12,3607-1,6.8,Active,Good,3m1f118y,0,108.0,0.0,0.0,0.14705882352941177,1.916922612182061,-108.0,0,1
Sligo,7:48,Dorans Law,Kevin Healy(4),P J Rothwell,7.0,27.0,8.0,25.5,,12,-65725,9.0,Active,Good,3m1f118y,0,105.0,0.0,0.0,0.1111111111111111,2.1972245773362196,-105.0,0,1
Sligo,7:48,Cornmarket,Alan King(4),John J Cullen,0.0,2.0,7.0,25.5,,12,F8-205,4.2,Active,Good,3m1f118y,0,104.0,0.0,0.0,0.23809523809523808,1.4350845252893227,-104.0,0,1
Sligo,7:48,Keep Em Quite,Eoghan Finegan(2),Cian Collins,0.0,9.0,5.0,25.5,,12,505-52,5.9,Active,Good,3m1f118y,0,103.0,0.0,0.0,0.1694915254237288,1.7749523509116738,-103.0,0,1
Sligo,7:48,Ilbdare,Thomas O'Connor(4),Mark Michael McNiff,0.0,6.0,6.0,25.5,,12,829-01,3.85,Active,Good,3m1f118y,0,102.0,0.0,0.0,0.2597402597402597,1.3480731482996928,-102.0,0,1
Sligo,7:48,Mr Dibbs,Eoin Staples(2),Gavin Cromwell,31.0,16.0,7.0,25.5,,12,60P-18,4.6,Active,Good,3m1f118y,0,102.0,0.0,0.0,0.2173913043478261,1.5260563034950492,-102.0,0,1
Sligo,7:48,Sallap,Michael Kenneally,S Curling,0.0,5.0,6.0,25.5,,12,F-0115,4.5,Active,Good,3m1f118y,0,100.0,0.0,0.0,0.2222222222222222,1.5040773967762742,-100.0,0,1
Sligo,7:48,Tango Theatre,Shane Fitzsimons(4),John C McConnell,11.0,27.0,11.0,25.5,,12,77-582,13.0,Active,Good,3m1f118y,0,94.0,0.0,0.0,0.07692307692307693,2.5649493574615367,-94.0,0,1
Sligo,7:48,Hey Babbs,Patrick M O'Brien,Dermot A McLoughlin,14.0,7.0,6.0,25.5,,12,P5P03-,5.3,Active,Good,3m1f118y,0,93.0,0.0,0.0,0.18867924528301888,1.667706820558076,-93.0,0,1
Sligo,7:48,The Little Yank,John Aherne(4),John Patrick Ryan,0.0,16.0,11.0,25.5,,12,PPP-33,5.3,Active,Good,3m1f118y,0,92.0,0.0,0.0,0.18867924528301888,1.667706820558076,-92.0,0,1
Sligo,7:48,Strong Contender,Conor Smithers(4),Norman Lee,50.0,2.0,5.0,25.5,,12,0-0781,6.0,Active,Good,3m1f118y,0,88.0,0.0,0.0,0.16666666666666666,1.791759469228055,-88.0,0,1
Sligo,8:18,Bairdin,Mr P W Gleeson(7),Kieran Purcell,0.0,2.0,4.0,18.5,,8,8,11.5,Active,Good,2m2f89y,0,0.0,0.0,0.0,0.08695652173913043,2.4423470353692043,0.0,0,0
Sligo,8:18,Conor'salwaysright,Mr J Dunne(7),P J Rothwell,7.0,27.0,4.0,18.5,,8,5,7.5,Active,Good,2m2f89y,0,0.0,0.0,0.0,0.13333333333333333,2.0149030205422647,0.0,0,0
Sligo,8:18,Gruncle,Mr O T Gilligan(7),Paul John Gilligan,0.0,6.0,4.0,18.5,,8,8,11.5,Active,Good,2m2f89y,0,0.0,0.0,0.0,0.08695652173913043,2.4423470353692043,0.0,0,0
Sligo,8:18,Kippersandcustard,Mr H C Swan,John G Carr,17.0,6.0,4.0,18.5,,8,0,11.5,Active,Good,2m2f89y,0,0.0,0.0,0.0,0.08695652173913043,2.4423470353692043,0.0,0,0
Sligo,8:18,Orderly Conduct,Mr B M Coonan(7),Gavin Cromwell,31.0,16.0,4.0,18.5,,8,6,4.3,Active,Good,2m2f89y,0,0.0,0.0,0.0,0.23255813953488372,1.4586150226995167,0.0,0,0
Sligo,8:18,Run For Fun,Mr P W Mullins,W P Mullins,42.0,26.0,4.0,18.5,,8,,1.77,Active,Good,2m2f89y,0,0.0,0.0,0.0,0.5649717514124294,0.5709795465857378,0.0,0,0
Sligo,8:18,Dancing Symbol,Mr A P Ryan(5),Andrew Slattery,5.0,22.0,4.0,18.5,,8,2,3.45,Active,Good,2m2f89y,0,0.0,0.0,0.0,0.2898550724637681,1.2383742310432684,0.0,0,0
Sligo,8:18,Hetty Parker,Mr J G Chute,Miss Katy Brown,0.0,2.0,4.0,18.5,,8,,15.5,Active,Good,2m2f89y,0,0.0,0.0,0.0,0.06451612903225806,2.740840023925201,0.0,0,0
